"";"";"";"";"hyper";""
"1";"hyper";"-0.54021980730937";"0.591558902657652";"2.2808620433973";"6"
"2";"kremlin";"-0.609348407064706";"0.679026177136517";"2.26833756182943";"7"
"3";"body";"-0.533472924468577";"0.571647199031153";"2.15951937596018";"9"
"4";"square";"-0.531394703429412";"0.598965913717738";"2.12951237026869";"10"
"5";"huge";"-0.596167131587563";"0.64833295713851";"2.103261262617";"12"
"6";"full";"-0.412964016201846";"0.432660534849355";"1.93588353165747";"19"
"7";"distance";"-0.59864212696643";"0.600568348524009";"1.916319754662";"22"
"8";"realistic";"-0.381656848865721";"0.392529856780457";"1.88825578736594";"23"
"9";"symmetrical";"-0.565831935391222";"0.614700101827004";"1.86223610860502";"25"
"10";"muscular";"-0.677236443687333";"0.776528099329345";"1.83842786146702";"26"
"11";"skull";"-0.657890385764281";"0.735564083648581";"1.80969532181984";"29"
"12";"shoot";"-0.607237755570415";"0.676151408696857";"1.79737655482154";"30"
"13";"smooth";"-0.60037938076569";"0.67656904256976";"1.77963849463104";"31"
"14";"super";"-0.62587386876612";"0.752047867292305";"1.76644544071205";"34"
"15";"capitol";"0.545005692310825";"-3.86883069193626";"1.76306240032961";"35"
"16";"trident";"-0.677236443687333";"0.776528099329345";"1.73851325931213";"36"
"17";"beam";"-0.644667952038027";"0.71066601326162";"1.7338798600615";"37"
"18";"cloud";"-0.577044746575076";"0.606401213170182";"1.69964124138808";"39"
"19";"stand";"-0.616397998806638";"0.684076081259818";"1.68625854435026";"40"
"20";"impose";"0.543698801258676";"-3.85237153598964";"1.61374737286569";"44"
"21";"statue";"0.490975269307857";"-3.5368195859964";"1.5910351986687";"45"
"22";"extremely";"-0.588760375588039";"0.66109013980891";"1.59074269826509";"46"
"23";"abundance";"0.552847038623721";"-3.96758562761598";"1.58514179767943";"49"
"24";"western";"-0.659388299541736";"0.729271440837007";"1.58488626161254";"50"
"25";"stripe";"-0.57332487784162";"0.60941153552556";"1.57230713711212";"51"
"26";"ukrainian";"-0.599998967157467";"0.665118651599787";"1.5548503273097";"54"
"27";"installin";"-0.667752902113198";"0.757328088712991";"1.52564207272039";"56"
"28";"figure";"-0.66982307629298";"0.758791689564264";"1.51181258935179";"59"
"29";"masculine";"-0.66982307629298";"0.758791689564264";"1.51181258935179";"60"
"30";"focus";"-0.621357289209578";"0.69496733708083";"1.50740097612148";"61"
"31";"sharp";"-0.594277520097065";"0.661193245191845";"1.48045076036225";"62"
"32";"elegant";"-0.662822559656107";"0.748311295308864";"1.46628859796316";"64"
"33";"artgerm";"-0.627396530948741";"0.692585008387192";"1.41974728374219";"66"
"34";"rotten";"-0.658143080182741";"0.725974464663124";"1.40568315719267";"70"
"35";"battle";"-0.387462628771439";"0.393742089296404";"1.39911314812691";"71"
"36";"mucha";"-0.638741370982417";"0.695104874263799";"1.39828707555846";"72"
"37";"alphonse";"-0.638799809865551";"0.695197854957773";"1.39571403629372";"73"
"38";"intricate";"-0.564550630807362";"0.61711180070432";"1.38876152670016";"74"
"39";"landscape";"0.487837826246759";"-3.23662143948659";"1.37914276342751";"76"
"40";"illustration";"-0.519237606071927";"0.563536216194957";"1.37529847240861";"77"
"41";"soldier";"-0.553256251063679";"0.702638136112927";"1.33829556420654";"82"
"42";"digital";"-0.442942758535069";"0.325965342495868";"1.32714840596777";"84"
"43";"rutkowski";"-0.529377938863996";"0.454366962940776";"1.32363197254412";"86"
"44";"greg";"-0.525267110077554";"0.449453325069194";"1.31964464561355";"87"
"45";"fantasy";"-0.527426446627349";"0.555290195940085";"1.31372874459324";"90"
"46";"impossibly";"-0.0362387160119373";"-0.732121246131035";"1.31089695497145";"93"
"47";"exquisite";"-0.0362387160119373";"-0.732121246131035";"1.31089695497145";"94"
"48";"concept";"-0.454830582157204";"0.403820347272993";"1.30144694193166";"95"
"49";"symbol";"-0.258229821965659";"0.210315744793291";"1.29395443159297";"96"
"50";"yellow";"-0.472014134362968";"0.536562223675923";"1.29328585924185";"97"
"51";"car";"-0.492207036539427";"0.496039589903435";"1.27705047969628";"99"
"52";"matte";"-0.455568496657766";"0.0835584149149519";"1.24425829159018";"103"
"53";"raise";"-0.502820798599028";"0.484525641823591";"1.22892773472171";"104"
"54";"reichstag";"-0.0796305894887402";"-0.289561403849292";"1.22278683339092";"106"
"55";"shinkai";"0.306387201645511";"-0.498224587370512";"1.22013182972736";"107"
"56";"river";"0.0202205202638669";"-0.722578699123852";"1.21865164911348";"109"
"57";"burn";"-0.473965051954238";"0.486127844786878";"1.21206556859697";"110"
"58";"single";"-0.546242822214624";"0.62375001625496";"1.20070948149847";"113"
"59";"artstation";"-0.359325624602666";"0.189938919206437";"1.19880983602007";"114"
"60";"cathedral";"-0.667752902113198";"0.757328088712991";"1.1973537625823";"115"
"61";"scene";"0.00299183524074581";"-0.340700205766967";"1.1940703651945";"117"
"62";"flag";"-0.223739227312766";"0.212255497587556";"1.18763214202487";"118"
"63";"vector";"0.583816626035551";"-0.527343166022561";"1.18512820999834";"119"
"64";"paint";"-0.284687516606627";"-0.0842310403265785";"1.17861766530035";"121"
"65";"solter";"0.552847038623721";"-3.96758562761598";"1.17273872861675";"122"
"66";"ground";"0.552847038623721";"-3.96758562761598";"1.17273872861675";"123"
"67";"ominous";"-0.00477485264350704";"-0.71002540940052";"1.17208783486146";"124"
"68";"lonely";"-0.0362387160119373";"-0.732121246131035";"1.16984426033705";"125"
"69";"horse";"0.0720906340852479";"-0.67908337751397";"1.16517871818492";"126"
"70";"watch";"-0.667752902113198";"0.757328088712991";"1.15678942089449";"129"
"71";"europe";"0.560422301580964";"-0.615695628579353";"1.15665602785329";"130"
"72";"visual";"0.308386293357878";"-0.497300423695129";"1.15473066805368";"131"
"73";"jonathan";"0.529240562809691";"-3.72200437829634";"1.14306922339097";"132"
"74";"skyline";"-0.0557618890113331";"-0.304334835514398";"1.14135600674124";"137"
"75";"st";"-0.520476697710616";"0.291314245226173";"1.13725778680052";"138"
"76";"blue";"-0.337560190726269";"0.348574665897817";"1.12722598724365";"140"
"77";"patch";"-0.519018858305931";"0.538396779095017";"1.1246658051395";"141"
"78";"heraldry";"-0.0796305894887402";"-0.289561403849292";"1.11535561372122";"143"
"79";"godrays";"-0.0796305894887402";"-0.289561403849292";"1.11535561372122";"144"
"80";"proletariat";"0.552847038623721";"-3.96758562761598";"1.11442186243276";"145"
"81";"back";"-0.185090446112021";"-0.101427962111886";"1.09584647965829";"149"
"82";"simonetti";"0.503262351925686";"-3.31863995877217";"1.09488058546834";"150"
"83";"marc";"0.503262351925686";"-3.31863995877217";"1.09488058546834";"151"
"84";"cube";"0.188789722160532";"-0.451874021405663";"1.0923011176233";"152"
"85";"key";"0.308386293357878";"-0.497300423695129";"1.08919289904864";"154"
"86";"gloomy";"-0.0796305894887402";"-0.289561403849292";"1.08858218392022";"155"
"87";"foggy";"-0.0796305894887402";"-0.289561403849292";"1.08858218392022";"156"
"88";"jordan";"-0.0762927530674476";"-0.323604468640195";"1.08801807599897";"157"
"89";"futuristic";"-0.0285211549268851";"-0.336134023764077";"1.08706182467947";"158"
"90";"flame";"0.00683941015928974";"-0.702768643326547";"1.07947931421659";"160"
"91";"fractal";"-0.00391432935703263";"-0.706787107507288";"1.07947931421659";"161"
"92";"fi";"-0.0149683246873423";"-0.306028030973456";"1.07865002735799";"163"
"93";"visible";"-0.0362387160119373";"-0.732121246131035";"1.07610752384967";"166"
"94";"visibility";"-0.0362387160119373";"-0.732121246131035";"1.07610752384967";"167"
"95";"eiffel";"-0.0362387160119373";"-0.732121246131035";"1.07610752384967";"168"
"96";"front";"0.370951487051152";"-0.458290883475801";"1.0691871571576";"171"
"97";"mcquarrie";"-0.0544650089290701";"-0.30955196495694";"1.06143750360694";"174"
"98";"pixiv";"0.327074916178271";"-0.5010653477681";"1.05716892628829";"175"
"99";"renaissance";"0.308386293357878";"-0.497300423695128";"1.0564858896315";"176"
"100";"rectangular";"0.552847038623721";"-3.96758562761598";"1.05625446074073";"178"
"101";"production";"0.552847038623721";"-3.96758562761598";"1.05625446074073";"179"
"102";"mean";"0.552847038623721";"-3.96758562761598";"1.05625446074073";"180"
"103";"conflict";"0.552847038623721";"-3.96758562761598";"1.05625446074073";"181"
"104";"pattern";"0.674659313421838";"-0.554785490123083";"1.04845659283783";"182"
"105";"trend";"0.142630598106234";"-0.438156772613964";"1.04763534170461";"183"
"106";"chest";"-0.677236443687333";"0.776528099329345";"1.0448244449688";"184"
"107";"minimalist";"0.775003149285546";"-0.453379205935758";"1.04264837053752";"186"
"108";"rembrandt";"-0.0487519448242856";"-0.340650735946087";"1.03847943621351";"188"
"109";"frame";"-0.0192266374423176";"-0.320251569776813";"1.03492443130806";"189"
"110";"submarine";"0.0387685975921673";"-0.702636284702116";"1.03352942938314";"190"
"111";"ride";"0.0129934281837505";"-0.698575414354477";"1.03352942938314";"191"
"112";"johnson";"-0.127809819965565";"-0.516599911065267";"1.03352942938314";"192"
"113";"inside";"0.198847732387369";"-0.547872965231061";"1.03213924889344";"193"
"114";"colour";"0.147160827343051";"-0.392595323375844";"1.03182424845878";"194"
"115";"tarot";"-0.0362387160119372";"-0.732121246131035";"1.02932835215763";"195"
"116";"razumov";"-0.0362387160119372";"-0.732121246131035";"1.02932835215763";"196"
"117";"konstantin";"-0.0362387160119372";"-0.732121246131035";"1.02932835215763";"198"
"118";"interstellar";"-0.0362387160119372";"-0.732121246131035";"1.02932835215763";"199"
"119";"fountain";"-0.0362387160119372";"-0.732121246131035";"1.02932835215763";"200"
"120";"card";"-0.0362387160119372";"-0.732121246131035";"1.02932835215763";"201"
"121";"stylize";"0.440263143748302";"-0.525376945597727";"1.02888638726206";"202"
"122";"line";"0.401060137016004";"-0.508850512698766";"1.0252301322169";"204"
"123";"cell";"0.270094625650121";"-0.523391626188007";"1.0248604888497";"205"
"124";"pennington";"0.308386293357878";"-0.497300423695128";"1.02382066598631";"206"
"125";"bruce";"0.308386293357878";"-0.497300423695128";"1.02382066598631";"207"
"126";"hyperrealistic";"-0.361936500500981";"0.364357308841041";"1.01934958838823";"208"
"127";"heraldic";"0.0421786395195891";"-0.340168213623429";"1.01881280193325";"209"
"128";"neoclassical";"-0.0374107620426162";"-0.537064638123967";"1.0186504802807";"210"
"129";"scheme";"0.460761381361859";"-0.525088750464467";"1.01607261958073";"211"
"130";"photograph";"0.468781864788769";"-0.537694654618363";"1.01325047282939";"212"
"131";"background";"0.0538935626929313";"-0.101076157900535";"1.01269922206873";"213"
"132";"horror";"0.0208430476054311";"-0.356074076577678";"1.01091689818078";"214"
"133";"underwater";"-0.00933831354163293";"-0.651467127222071";"1.00160831390758";"218"
"134";"atmospheric";"0.0354154998535054";"-0.679167311594145";"1.00160831390758";"219"
"135";"environment";"0.302389018220776";"-0.50007291472128";"0.999572061097812";"221"
"136";"render";"0.18884029773709";"-0.565847434852487";"0.999541525341391";"222"
"137";"sacrifice";"0.545732087578507";"-3.58515683745071";"0.998835988653556";"223"
"138";"photography";"0.164466625771171";"-0.742919155782519";"0.995867591700411";"224"
"139";"canvas";"0.31639372022756";"-0.508919402547571";"0.993677052963466";"225"
"140";"wayne";"0.186368893923994";"-0.340471859644114";"0.992691873032617";"226"
"141";"barlowe";"0.186368893923994";"-0.340471859644114";"0.992691873032617";"227"
"142";"sickle";"0.73496637158111";"-0.55816380385402";"0.990263476824603";"228"
"143";"contest";"0.692248872051626";"-0.55577083162794";"0.989170618173743";"229"
"144";"clean";"0.444515097839021";"-0.522660487222765";"0.988153295341398";"230"
"145";"nolan";"-0.0434706949247377";"-0.658361272417411";"0.987936330756301";"231"
"146";"christopher";"-0.0434706949247377";"-0.658361272417411";"0.987936330756301";"233"
"147";"detailded";"-0.0660706290272394";"-0.427861354562337";"0.986882043587236";"234"
"148";"dark";"0.162746794768918";"-0.506308837800875";"0.983267574314023";"235"
"149";"sketch";"0.488812479216796";"-0.525726516128599";"0.982979895345635";"236"
"150";"steven";"-0.0362387160119374";"-0.732121246131035";"0.982607037688283";"237"
"151";"rios";"-0.0362387160119374";"-0.732121246131035";"0.982607037688283";"238"
"152";"plateau";"-0.0362387160119374";"-0.732121246131035";"0.982607037688283";"239"
"153";"megalopolis";"-0.0362387160119374";"-0.732121246131035";"0.982607037688283";"240"
"154";"madgwick";"-0.0362387160119374";"-0.732121246131035";"0.982607037688283";"241"
"155";"isolate";"-0.0362387160119374";"-0.732121246131035";"0.982607037688283";"242"
"156";"heade";"-0.0362387160119374";"-0.732121246131035";"0.982607037688283";"243"
"157";"ferreira";"-0.0362387160119374";"-0.732121246131035";"0.982607037688283";"244"
"158";"district";"-0.0362387160119374";"-0.732121246131035";"0.982607037688283";"245"
"159";"benoit";"-0.0362387160119374";"-0.732121246131035";"0.982607037688283";"246"
"160";"belledin";"-0.0362387160119374";"-0.732121246131035";"0.982607037688283";"247"
"161";"demonstration";"-0.0796305894887402";"-0.289561403849292";"0.981832393762232";"248"
"162";"shape";"0.249564098564523";"-0.469694908825734";"0.977100958662037";"251"
"163";"empire";"0.584812883021908";"-0.627153229052021";"0.976893636947389";"252"
"164";"palace";"0.0786362871113346";"-0.6538476386524";"0.976789172517527";"253"
"165";"screenshot";"0.734966371581111";"-0.55816380385402";"0.970759164196899";"255"
"166";"letterism";"0.734966371581111";"-0.55816380385402";"0.970759164196899";"257"
"167";"communism";"0.552847038623721";"-3.96758562761598";"0.969278983583013";"260"
"168";"class";"0.552847038623721";"-3.96758562761598";"0.969278983583013";"261"
"169";"baroque";"0.301722654316653";"-0.500380969279741";"0.968494696786513";"262"
"170";"high";"0.188492091263082";"-0.486106241494693";"0.968022196134524";"264"
"171";"shoulder";"-0.664149218889277";"0.745570479694291";"0.966873087406046";"265"
"172";"iconic";"0.470241332099333";"-0.526651142507792";"0.965675764325324";"266"
"173";"paper";"0.491295518414976";"-0.542682648829244";"0.964338619623095";"267"
"174";"crystal";"0.0247679687796109";"-0.368304631058871";"0.963245760972235";"268"
"175";"middle";"0.567813151817119";"-0.544023248548878";"0.961510044291457";"269"
"176";"foreground";"-0.469008979333796";"0.484202505789291";"0.961399151281296";"270"
"177";"space";"0.36310378612263";"-0.565798397949277";"0.961193436711723";"271"
"178";"jean";"0.308386293357878";"-0.497300423695129";"0.958612361721603";"273"
"179";"wyeth";"0.308386293357878";"-0.497300423695129";"0.958612361721603";"274"
"180";"shusei";"0.308386293357878";"-0.497300423695129";"0.958612361721603";"275"
"181";"neoclassicism";"0.308386293357878";"-0.497300423695129";"0.958612361721603";"276"
"182";"nagaoka";"0.308386293357878";"-0.497300423695129";"0.958612361721603";"277"
"183";"gilleard";"0.308386293357878";"-0.497300423695129";"0.958612361721603";"278"
"184";"giancola";"0.308386293357878";"-0.497300423695129";"0.958612361721603";"279"
"185";"donato";"0.308386293357878";"-0.497300423695129";"0.958612361721603";"280"
"186";"desert";"0.0499355843607843";"-0.669622113070195";"0.958382539975907";"281"
"187";"promotional";"-0.0796305894887402";"-0.289561403849292";"0.955229321339161";"284"
"188";"cgsociety";"0.173856300678608";"-0.670351118539682";"0.955031642494961";"285"
"189";"design";"0.830143172525699";"-0.378130337625443";"0.954661999127759";"286"
"190";"product";"0.109907274612971";"-0.366201107582262";"0.954057712579636";"287"
"191";"shade";"0.372382642533216";"-0.510203258110302";"0.953615747684067";"288"
"192";"historical";"0.0374525763344107";"-0.354547444965761";"0.953221997140743";"290"
"193";"gothic";"0.060419219975071";"-0.541981192297427";"0.952861996643989";"291"
"194";"cut";"0.427043485478179";"-0.533574282603898";"0.9512098515071";"293"
"195";"night";"0.0266890107249234";"-0.687929572670006";"0.942875197149217";"296"
"196";"starry";"0.0266890107249234";"-0.687929572670006";"0.942875197149217";"297"
"197";"mandelbrot";"0.0154803026359102";"-0.691586624333041";"0.942875197149217";"299"
"198";"friedrich";"0.0154803026359102";"-0.691586624333041";"0.942875197149217";"300"
"199";"caspar";"0.0154803026359102";"-0.691586624333041";"0.942875197149217";"301"
"200";"camaraderie";"0.552847038623721";"-3.96758562761598";"0.940360015107164";"302"
"201";"crackle";"0.495272521561805";"-0.534949664424842";"0.937913940303327";"303"
"202";"astrophotography";"0.495272521561805";"-0.534949664424842";"0.937913940303327";"304"
"203";"surrealism";"0.3008896994365";"-0.500766037477818";"0.937854475935559";"305"
"204";"ocean";"0.217169920532519";"-0.640635689141556";"0.937643939930761";"306"
"205";"fog";"0.0677398865084099";"-0.653833172970399";"0.936231259410017";"308"
"206";"floor";"0.0822419229854213";"-0.648081901898312";"0.936231259410017";"309"
"207";"golden";"0.0924850506301441";"-0.304159819078538";"0.936229652264942";"311"
"208";"postprocessing";"-0.0362387160119372";"-0.732121246131035";"0.935945187586704";"312"
"209";"minimalistic";"0.651954289052248";"-0.549618181121632";"0.933974827725006";"313"
"210";"vexillogy";"0.73496637158111";"-0.55816380385402";"0.931821253324781";"314"
"211";"unique";"0.73496637158111";"-0.55816380385402";"0.931821253324781";"315"
"212";"tricolor";"0.73496637158111";"-0.55816380385402";"0.931821253324781";"316"
"213";"hazard";"0.73496637158111";"-0.55816380385402";"0.931821253324781";"318"
"214";"cubby";"0.488812479216796";"-0.525726516128599";"0.931813217599407";"320"
"215";"electric";"0.68423676559125";"-0.552941478850894";"0.93128768115995";"321"
"216";"origami";"0.467771223062353";"-0.524270152398328";"0.930784644751539";"322"
"217";"crowd";"0.0280690811565189";"-0.31574242421189";"0.930487322912702";"323"
"218";"gate";"-0.0284833741800109";"-0.321218757417377";"0.929860536333532";"324"
"219";"brandenburg";"-0.0284833741800109";"-0.321218757417377";"0.929860536333532";"325"
"220";"federation";"0.339533998058533";"-0.503575297150081";"0.928973392252246";"326"
"221";"moebius";"0.30338856407696";"-0.499610832883588";"0.928973392252246";"328"
"222";"hildebrandt";"0.30338856407696";"-0.499610832883588";"0.928973392252246";"329"
"223";"embroided";"-0.07963058948874";"-0.289561403849292";"0.928659998962661";"331"
"224";"cross";"-0.07963058948874";"-0.289561403849292";"0.928659998962661";"332"
"225";"tree";"0.261344397846515";"-0.530234069610174";"0.928288748450383";"333"
"226";"classic";"0.2223563772273";"-0.529448137141063";"0.927133211141606";"334"
"227";"tor";"0.308386293357878";"-0.497300423695128";"0.926070888247167";"335"
"228";"rifle";"0.308386293357878";"-0.497300423695128";"0.926070888247167";"336"
"229";"maid";"0.308386293357878";"-0.497300423695128";"0.926070888247167";"337"
"230";"knife";"0.308386293357878";"-0.497300423695128";"0.926070888247167";"338"
"231";"jamie";"0.308386293357878";"-0.497300423695128";"0.926070888247167";"339"
"232";"fanbox";"0.308386293357878";"-0.497300423695128";"0.926070888247167";"340"
"233";"council";"0.308386293357878";"-0.497300423695128";"0.926070888247167";"341"
"234";"brandenburger";"0.308386293357878";"-0.497300423695128";"0.926070888247167";"342"
"235";"lake";"0.278399917672366";"-0.511162878825886";"0.925794459294303";"343"
"236";"society";"0.584812883021908";"-0.627153229052021";"0.924971601016008";"344"
"237";"resolution";"0.271225635419494";"-0.550954192237073";"0.921239810152335";"346"
"238";"german";"0.218828499871351";"-0.452676469855027";"0.920097130004157";"347"
"239";"mystical";"0.104037255728415";"-0.632868677112487";"0.919010699933596";"349"
"240";"lee";"0.175891544699788";"-0.641846455861732";"0.919010699933596";"350"
"241";"low";"-0.0409817302373701";"-0.469371436890983";"0.918771235317451";"351"
"242";"advance";"0.303800831569166";"-0.349439183022317";"0.918412841965772";"352"
"243";"cartoon";"0.493426795177516";"-0.532314479197344";"0.918412841965772";"353"
"244";"temple";"0.197928973012903";"-0.570532911667435";"0.918221591701872";"354"
"245";"city";"0.208444638169472";"-0.928373132104752";"0.917700876697638";"358"
"246";"zdzis";"0.0686408285494972";"-0.658468457029319";"0.916402303477205";"359"
"247";"aw";"0.0686408285494972";"-0.658468457029319";"0.916402303477205";"360"
"248";"instal";"-0.667752902113198";"0.757328088712991";"0.915560159458012";"361"
"249";"behance";"0.582777553611529";"-0.542496828844642";"0.915434802142178";"362"
"250";"ultra";"0.21195385875901";"-0.823916317842735";"0.915383373499785";"363"
"251";"tone";"0.488812479216796";"-0.525726516128599";"0.914799979837635";"364"
"252";"crate";"0.488812479216796";"-0.525726516128599";"0.914799979837635";"365"
"253";"corporate";"0.488812479216796";"-0.525726516128599";"0.914799979837635";"366"
"254";"picture";"-0.15580660226265";"0.164326354694192";"0.914015693041135";"367"
"255";"pixel";"0.734966371581111";"-0.55816380385402";"0.912389262225443";"369"
"256";"favicon";"0.734966371581111";"-0.55816380385402";"0.912389262225443";"370"
"257";"panel";"0.71619718551121";"-0.56678748200377";"0.912148190464224";"371"
"258";"insigne";"0.552847038623721";"-3.96758562761598";"0.911478010968035";"374"
"259";"hodas";"0.552847038623721";"-3.96758562761598";"0.911478010968035";"375"
"260";"geof";"0.552847038623721";"-3.96758562761598";"0.911478010968035";"376"
"261";"darrow";"0.552847038623721";"-3.96758562761598";"0.911478010968035";"378"
"262";"alandia";"0.552847038623721";"-3.96758562761598";"0.911478010968035";"379"
"263";"shield";"0.00987703730153637";"-0.344961772593441";"0.910854438679014";"380"
"264";"game";"0.433013590398954";"-0.527392097663251";"0.910827117212743";"381"
"265";"soft";"0.440689292694904";"-0.533849358968087";"0.90710175492937";"383"
"266";"edge";"0.451898000783917";"-0.530192307305051";"0.90710175492937";"384"
"267";"blender";"0.451898000783917";"-0.530192307305051";"0.90710175492937";"385"
"268";"god";"0.205710429132501";"-0.551196728173758";"0.905743717341168";"387"
"269";"david";"0.101661822220739";"-0.627569920291456";"0.905243895222907";"388"
"270";"dome";"0.121080600830215";"-0.621642062478461";"0.905243895222907";"389"
"271";"ancient";"0.272569816725532";"-0.562715007992514";"0.905211752321411";"390"
"272";"footage";"-0.0199588382952225";"-0.326494983012058";"0.903999964935017";"392"
"273";"minimal";"0.472354772812262";"-0.526050071069413";"0.903760500318872";"393"
"274";"border";"0.544159275696287";"-0.602029152134444";"0.903011570714018";"394"
"275";"madwick";"0.495272521561805";"-0.534949664424843";"0.902447462792765";"395"
"276";"longshot";"0.495272521561805";"-0.534949664424843";"0.902447462792765";"396"
"277";"lecouffe";"0.495272521561805";"-0.534949664424843";"0.902447462792765";"397"
"278";"hubert";"0.495272521561805";"-0.534949664424843";"0.902447462792765";"398"
"279";"disc";"0.495272521561805";"-0.534949664424843";"0.902447462792765";"399"
"280";"deharme";"0.495272521561805";"-0.534949664424843";"0.902447462792765";"400"
"281";"bastien";"0.495272521561805";"-0.534949664424843";"0.902447462792765";"401"
"282";"accurate";"-0.319155090217836";"0.356939639104448";"0.902278712559912";"402"
"283";"fully";"-0.0796305894887402";"-0.289561403849292";"0.902122819487657";"403"
"284";"equiped";"-0.0796305894887402";"-0.289561403849292";"0.902122819487657";"404"
"285";"value";"-0.0796305894887402";"-0.289561403849292";"0.902122819487657";"405"
"286";"southern";"-0.0796305894887402";"-0.289561403849292";"0.902122819487657";"406"
"287";"private";"-0.0796305894887402";"-0.289561403849292";"0.902122819487657";"407"
"288";"photoshop";"-0.0796305894887402";"-0.289561403849292";"0.902122819487657";"408"
"289";"manna";"-0.0796305894887402";"-0.289561403849292";"0.902122819487657";"409"
"290";"eagle";"-0.0796305894887402";"-0.289561403849292";"0.902122819487657";"410"
"291";"badge";"-0.0796305894887402";"-0.289561403849292";"0.902122819487657";"411"
"292";"illustrate";"0.417693592063954";"-0.524296812933889";"0.901245318276819";"414"
"293";"unreal";"0.2163094207057";"-0.406428494523465";"0.901119960960985";"415"
"294";"louis";"0.2223563772273";"-0.529448137141063";"0.900902996375888";"416"
"295";"dirty";"0.2223563772273";"-0.529448137141063";"0.900902996375888";"417"
"296";"zaha";"0.2223563772273";"-0.529448137141063";"0.900902996375888";"418"
"297";"ureal";"0.2223563772273";"-0.529448137141063";"0.900902996375888";"419"
"298";"tilt";"0.2223563772273";"-0.529448137141063";"0.900902996375888";"420"
"299";"shift";"0.2223563772273";"-0.529448137141063";"0.900902996375888";"421"
"300";"hadid";"0.2223563772273";"-0.529448137141063";"0.900902996375888";"422"
"301";"meet";"0.446599588189893";"-0.562226826373574";"0.899506387305892";"423"
"302";"warcraft";"0.584812883021909";"-0.627153229052021";"0.899109422472417";"424"
"303";"sweden";"0.584812883021909";"-0.627153229052021";"0.899109422472417";"425"
"304";"vibrant";"0.318945986805221";"-0.513924417984";"0.899021029493304";"426"
"305";"pictorial";"0.488812479216796";"-0.525726516128599";"0.897809242106909";"427"
"306";"artist";"0.554171586486954";"-0.615554194029407";"0.897635670438831";"428"
"307";"selfie";"-0.667752902113198";"0.757328088712991";"0.895623524805188";"434"
"308";"ukraine";"0.478717343449836";"-2.97805592008584";"0.894773345060622";"435"
"309";"circle";"0.268239961822365";"-0.520732506763173";"0.894386023097597";"436"
"310";"head";"0.0377376731355629";"-0.551161734425519";"0.893989058264123";"437"
"311";"solidity";"0.308386293357879";"-0.497300423695129";"0.893571200544676";"438"
"312";"rhads";"0.308386293357879";"-0.497300423695129";"0.893571200544676";"439"
"313";"lovecraft";"0.308386293357879";"-0.497300423695129";"0.893571200544676";"440"
"314";"kojima";"0.308386293357879";"-0.497300423695129";"0.893571200544676";"441"
"315";"important";"0.308386293357879";"-0.497300423695129";"0.893571200544676";"442"
"316";"fake";"0.308386293357879";"-0.497300423695129";"0.893571200544676";"443"
"317";"eternity";"0.308386293357879";"-0.497300423695129";"0.893571200544676";"444"
"318";"delville";"0.308386293357879";"-0.497300423695129";"0.893571200544676";"445"
"319";"buckingham";"0.308386293357879";"-0.497300423695129";"0.893571200544676";"446"
"320";"ayami";"0.308386293357879";"-0.497300423695129";"0.893571200544676";"447"
"321";"weather";"0.71351587321551";"-0.568019436025162";"0.893122807068809";"448"
"322";"google";"0.71351587321551";"-0.568019436025162";"0.893122807068809";"449"
"323";"widely";"0.734966371581111";"-0.55816380385402";"0.892982985447301";"450"
"324";"unusual";"0.734966371581111";"-0.55816380385402";"0.892982985447301";"451"
"325";"thunder";"0.734966371581111";"-0.55816380385402";"0.892982985447301";"452"
"326";"select";"0.734966371581111";"-0.55816380385402";"0.892982985447301";"453"
"327";"odd";"0.734966371581111";"-0.55816380385402";"0.892982985447301";"454"
"328";"mismatch";"0.734966371581111";"-0.55816380385402";"0.892982985447301";"455"
"329";"island";"0.275315292046831";"-0.637518647900117";"0.890080481442223";"457"
"330";"engine";"0.210156885351163";"-0.41836444498989";"0.889725302380693";"458"
"331";"letter";"0.344307791605865";"-0.525810695857739";"0.889114587252271";"459"
"332";"angle";"0.121784145802695";"-0.409362846816805";"0.889027801418233";"460"
"333";"giger";"0.278399917672366";"-0.511162878825886";"0.88677779831352";"461"
"334";"leader";"0.584812883021908";"-0.627153229052021";"0.886204047521819";"462"
"335";"bokeh";"0.49795761443345";"-3.27630107785796";"0.885942082874627";"463"
"336";"smoke";"0.272172857622914";"-0.513194574194239";"0.885479225093087";"464"
"337";"wall";"0.242652585309535";"-0.522243426889476";"0.885320117730682";"465"
"338";"marble";"0.246936353264608";"-0.52026307615651";"0.885320117730682";"466"
"339";"round";"0.55076699798307";"-0.614265412360228";"0.884895831430936";"467"
"340";"tarsila";"0.552847038623721";"-3.96758562761598";"0.882632971165626";"468"
"341";"sao";"0.552847038623721";"-3.96758562761598";"0.882632971165626";"469"
"342";"romance";"0.552847038623721";"-3.96758562761598";"0.882632971165626";"470"
"343";"paulo";"0.552847038623721";"-3.96758562761598";"0.882632971165626";"471"
"344";"amaral";"0.552847038623721";"-3.96758562761598";"0.882632971165626";"472"
"345";"titanium";"0.488812479216796";"-0.525726516128599";"0.880839397262155";"475"
"346";"portray";"0.488812479216796";"-0.525726516128599";"0.880839397262155";"476"
"347";"karl";"0.488812479216796";"-0.525726516128599";"0.880839397262155";"477"
"348";"fusion";"0.488812479216796";"-0.525726516128599";"0.880839397262155";"478"
"349";"fictional";"0.488812479216796";"-0.525726516128599";"0.880839397262155";"479"
"350";"bold";"0.488812479216796";"-0.525726516128599";"0.880839397262155";"480"
"351";"swan";"0.450747321789725";"-0.526258176273237";"0.880619218386908";"481"
"352";"win";"0.514236938338153";"-0.543603561103837";"0.880159574895517";"482"
"353";"sculpture";"0.384528422611703";"-0.523680239993522";"0.878679394281632";"483"
"354";"gather";"-0.0709522147933794";"-0.378073372305641";"0.878456001116235";"484"
"355";"structure";"0.239562360453416";"-0.523018594451876";"0.87747885691076";"488"
"356";"stone";"0.170637358579452";"-0.569982758939057";"0.87747885691076";"489"
"357";"house";"0.382777845833984";"-0.504203465867024";"0.876872963217563";"493"
"358";"william";"0.0956140125988865";"-0.640965408182824";"0.876374748244377";"494"
"359";"chiaroscuro";"0.0896167374617841";"-0.643737899208976";"0.876374748244377";"495"
"360";"unit";"-0.667752902113198";"0.757328088712991";"0.875710997328487";"496"
"361";"update";"-0.0796305894887402";"-0.289561403849292";"0.875620997204298";"498"
"362";"teo";"-0.0796305894887402";"-0.289561403849292";"0.875620997204298";"499"
"363";"australian";"-0.0796305894887402";"-0.289561403849292";"0.875620997204298";"500"
"364";"auburn";"-0.0796305894887402";"-0.289561403849292";"0.875620997204298";"501"
"365";"asian";"-0.0796305894887402";"-0.289561403849292";"0.875620997204298";"502"
"366";"napoleon";"0.2223563772273";"-0.529448137141064";"0.87470653165674";"503"
"367";"diamond";"0.2223563772273";"-0.529448137141064";"0.87470653165674";"504"
"368";"voss";"0.2223563772273";"-0.529448137141064";"0.87470653165674";"505"
"369";"reflection";"0.2223563772273";"-0.529448137141064";"0.87470653165674";"506"
"370";"progresso";"0.2223563772273";"-0.529448137141064";"0.87470653165674";"507"
"371";"plastic";"0.2223563772273";"-0.529448137141064";"0.87470653165674";"508"
"372";"ordem";"0.2223563772273";"-0.529448137141064";"0.87470653165674";"509"
"373";"misty";"0.2223563772273";"-0.529448137141064";"0.87470653165674";"510"
"374";"midle";"0.2223563772273";"-0.529448137141064";"0.87470653165674";"511"
"375";"keyshot";"0.2223563772273";"-0.529448137141064";"0.87470653165674";"512"
"376";"jacques";"0.2223563772273";"-0.529448137141064";"0.87470653165674";"513"
"377";"gondor";"0.2223563772273";"-0.529448137141064";"0.87470653165674";"514"
"378";"dynasty";"0.2223563772273";"-0.529448137141064";"0.87470653165674";"515"
"379";"atlantis";"0.2223563772273";"-0.529448137141064";"0.87470653165674";"516"
"380";"alley";"0.2223563772273";"-0.529448137141064";"0.87470653165674";"517"
"381";"movie";"0.0858365842831729";"-0.389029123826766";"0.874667960174945";"518"
"382";"draw";"0.329955554572853";"-0.568303039703115";"0.874661531594646";"519"
"383";"bizarre";"0.663869691877239";"-0.548019907160871";"0.874256531035798";"520"
"384";"theme";"0.599200211402802";"-0.513396737186565";"0.874256531035798";"521"
"385";"hero";"-0.502052580540223";"0.519784907414955";"0.874256531035798";"522"
"386";"beautiful";"0.173772833310002";"-0.417946663740211";"0.874134388010113";"523"
"387";"smith";"0.278399917672366";"-0.511162878825886";"0.873806530414855";"524"
"388";"artistic";"0.278399917672366";"-0.511162878825886";"0.873806530414855";"525"
"389";"random";"0.441054370589445";"-0.529002968025103";"0.873565458653636";"527"
"390";"gemini";"0.493657510975553";"-0.532643877350782";"0.873565458653636";"528"
"391";"roman";"0.512321581862986";"-0.607612210669829";"0.873560637218412";"529"
"392";"mapporn";"0.584812883021908";"-0.627153229052021";"0.873313136876893";"530"
"393";"disney";"0.584812883021908";"-0.627153229052021";"0.873313136876893";"531"
"394";"blunt";"0.584812883021908";"-0.627153229052021";"0.873313136876893";"532"
"395";"balkan";"0.584812883021908";"-0.627153229052021";"0.873313136876893";"533"
"396";"school";"0.111789793336597";"-0.375722952936879";"0.873240815348528";"534"
"397";"direct";"0.0966807683260565";"-0.385427943852437";"0.873240815348528";"535"
"398";"ray";"0.27048178038038";"-0.525564513472741";"0.8722861711741";"536"
"399";"ratio";"0.250869298815578";"-0.519125551490182";"0.8722861711741";"537"
"400";"robert";"0.487826301913929";"-0.569749644505492";"0.871942242128094";"538"
"401";"water";"0.37830845970416";"-0.532591867017508";"0.871942242128094";"539"
"402";"civilization";"0.533646962187563";"-0.57446547783649";"0.871942242128094";"540"
"403";"table";"0.484674319617762";"-0.587565615301258";"0.871882777760327";"541"
"404";"deco";"0.295984088714273";"-0.325634268605838";"0.87028848984613";"542"
"405";"brutalist";"0.161933297996894";"-0.594443524014085";"0.869835274935039";"543"
"406";"composition";"0.291251221537586";"-0.50522182662699";"0.86951063162993";"544"
"407";"earth";"0.473719437587096";"-0.578380584796015";"0.869194024050196";"545"
"408";"wide";"0.28762649480637";"-0.506897508016422";"0.868419380124145";"549"
"409";"photo";"0.227357223983722";"-0.43762368927821";"0.868017593855446";"550"
"410";"ultramarine";"0.463318414316868";"-0.52505895500279";"0.867763664933629";"552"
"411";"overwatch";"0.3008896994365";"-0.500766037477818";"0.866905449463688";"553"
"412";"wlop";"0.3008896994365";"-0.500766037477818";"0.866905449463688";"554"
"413";"kuvshinov";"0.3008896994365";"-0.500766037477818";"0.866905449463688";"555"
"414";"ice";"0.286878814325234";"-0.505337352056612";"0.866905449463688";"556"
"415";"building";"0.295534989492659";"-0.503241475894025";"0.865171339927985";"557"
"416";"deviantart";"0.361967090040423";"-0.542796610705741";"0.864800089415708";"558"
"417";"mist";"0.453743718959391";"-0.523299243244813";"0.864134731354743";"559"
"418";"network";"0.488812479216796";"-0.525726516128599";"0.863892052448449";"560"
"419";"tattoo";"0.488812479216796";"-0.525726516128599";"0.863892052448449";"561"
"420";"sticker";"0.488812479216796";"-0.525726516128599";"0.863892052448449";"562"
"421";"monochrome";"0.488812479216796";"-0.525726516128599";"0.863892052448449";"563"
"422";"gerstner";"0.488812479216796";"-0.525726516128599";"0.863892052448449";"564"
"423";"wooden";"0.125850500713957";"-0.385187560096298";"0.862707586528326";"565"
"424";"person";"0.558320446020378";"-0.290766417195906";"0.86247455049248";"566"
"425";"plain";"0.241037557375655";"-0.523353051036004";"0.861892763975405";"567"
"426";"isometric";"0.349140325588107";"-0.504482809500311";"0.861470084820734";"568"
"427";"collage";"0.439439360003193";"-0.526697180951042";"0.860979905572922";"569"
"428";"bay";"0.50222438270401";"-0.481420260995526";"0.86091561976993";"570"
"429";"apocalypse";"0.278399917672366";"-0.511162878825886";"0.860849726821863";"571"
"430";"tyler";"0.278399917672366";"-0.511162878825886";"0.860849726821863";"572"
"431";"stun";"0.278399917672366";"-0.511162878825886";"0.860849726821863";"573"
"432";"simon";"0.278399917672366";"-0.511162878825886";"0.860849726821863";"574"
"433";"death";"0.278399917672366";"-0.511162878825886";"0.860849726821863";"575"
"434";"craig";"0.278399917672366";"-0.511162878825886";"0.860849726821863";"576"
"435";"zabrocki";"0.584812883021908";"-0.627153229052021";"0.860439904827791";"577"
"436";"professionally";"0.584812883021908";"-0.627153229052021";"0.860439904827791";"578"
"437";"norwegian";"0.584812883021908";"-0.627153229052021";"0.860439904827791";"579"
"438";"noah";"0.584812883021908";"-0.627153229052021";"0.860439904827791";"580"
"439";"julius";"0.584812883021908";"-0.627153229052021";"0.860439904827791";"581"
"440";"darek";"0.584812883021908";"-0.627153229052021";"0.860439904827791";"582"
"441";"change";"0.584812883021908";"-0.627153229052021";"0.860439904827791";"583"
"442";"caesar";"0.584812883021908";"-0.627153229052021";"0.860439904827791";"584"
"443";"bradley";"0.584812883021908";"-0.627153229052021";"0.860439904827791";"585"
"444";"hold";"0.256810411580382";"-0.54539670021659";"0.860203654501796";"586"
"445";"insanely";"0.143235229131571";"-0.329949883463189";"0.860039725704167";"587"
"446";"year";"0.141880437478123";"-0.32720702480371";"0.860039725704167";"588"
"447";"dragon";"0.238245435510459";"-0.449596627624985";"0.859888654067136";"589"
"448";"color";"0.810472487377231";"-0.32088613232889";"0.859650796596067";"590"
"449";"good";"0.545323370212761";"-0.60860282828675";"0.859617046549496";"591"
"450";"green";"0.300204308033709";"-0.528279824911798";"0.859515796409784";"592"
"451";"great";"-0.197708949117263";"0.148198349209379";"0.859462760622316";"593"
"452";"geometric";"0.425317844909777";"-0.519585909575352";"0.857293114771344";"595"
"453";"opossum";"6.09925664695475";"2.65181532552826";"0.856923471404141";"599"
"454";"monstrous";"6.09925664695475";"2.65181532552826";"0.856923471404141";"600"
"455";"developer";"6.09925664695475";"2.65181532552826";"0.856923471404141";"603"
"456";"white";"0.399216202711115";"-0.526177599392076";"0.856667935337248";"607"
"457";"sport";"0.492688504623801";"-0.531260405106345";"0.856264541923475";"608"
"458";"fine";"0.408523480006029";"-0.52543495018526";"0.856264541923475";"609"
"459";"turtle";"0.170778483666011";"-0.697131907104697";"0.856245256182578";"610"
"460";"eat";"0.170778483666011";"-0.697131907104697";"0.856245256182578";"611"
"461";"drive";"0.0786362871113345";"-0.653847638652399";"0.856245256182578";"612"
"462";"whalen";"-0.667752902113198";"0.757328088712991";"0.855824184172981";"613"
"463";"tread";"-0.667752902113198";"0.757328088712991";"0.855824184172981";"614"
"464";"petros";"-0.667752902113198";"0.757328088712991";"0.855824184172981";"615"
"465";"gadsden";"-0.667752902113198";"0.757328088712991";"0.855824184172981";"616"
"466";"afshar";"-0.667752902113198";"0.757328088712991";"0.855824184172981";"617"
"467";"asset";"0.632444372710348";"-0.552420670511428";"0.855629719618931";"618"
"468";"glass";"0.313496738445669";"-0.509490656749774";"0.85505596882723";"619"
"469";"pallet";"0.734966371581111";"-0.55816380385402";"0.854242753419384";"620"
"470";"magical";"0.734966371581111";"-0.55816380385402";"0.854242753419384";"621"
"471";"yugoslavia";"-0.65814308018274";"0.725974464663123";"0.854242753419384";"622"
"472";"mega";"-0.65814308018274";"0.725974464663123";"0.854242753419384";"623"
"473";"caliphate";"-0.65814308018274";"0.725974464663123";"0.854242753419384";"624"
"474";"abbasid";"-0.65814308018274";"0.725974464663123";"0.854242753419384";"625"
"475";"app";"0.581830488035463";"-0.539864640376636";"0.853492216669455";"626"
"476";"organic";"0.236367262338566";"-0.524876822562269";"0.852754537080124";"627"
"477";"neon";"0.236367262338566";"-0.524876822562269";"0.852754537080124";"628"
"478";"metropolis";"0.236367262338566";"-0.524876822562269";"0.852754537080124";"629"
"479";"johannes";"0.236367262338566";"-0.524876822562269";"0.852754537080124";"630"
"480";"gorgeous";"0.243863856259944";"-0.52141120877958";"0.852754537080124";"631"
"481";"third";"0.5018849061227";"-0.588197387444953";"0.85274650135475";"632"
"482";"cover";"0.374787741623228";"-0.521734783536533";"0.852468465256811";"633"
"483";"dramatic";"0.231938708068946";"-0.514466575904692";"0.852335072215603";"634"
"484";"minimalism";"0.420688384426235";"-0.524177656658563";"0.852241857801265";"635"
"485";"center";"0.396646631916748";"-0.540990666422882";"0.852040964666916";"636"
"486";"ilya";"0.296391743083673";"-0.502845405747431";"0.850936856000532";"638"
"487";"emblem";"0.332494525823486";"-0.732678365737312";"0.850314890856586";"639"
"488";"fire";"0.249608634611714";"-0.454182029508936";"0.849950068924608";"640"
"489";"mm";"0.115658778053681";"-0.410434935654707";"0.848196673648008";"641"
"490";"glorious";"0.278399917672366";"-0.511162878825886";"0.847910601824694";"642"
"491";"inspire";"0.278399917672366";"-0.511162878825886";"0.847910601824694";"643"
"492";"zoom";"0.278399917672366";"-0.511162878825886";"0.847910601824694";"645"
"493";"ww";"0.278399917672366";"-0.511162878825886";"0.847910601824694";"646"
"494";"washington";"0.278399917672366";"-0.511162878825886";"0.847910601824694";"647"
"495";"strand";"0.278399917672366";"-0.511162878825886";"0.847910601824694";"648"
"496";"room";"0.278399917672366";"-0.511162878825886";"0.847910601824694";"649"
"497";"rise";"0.278399917672366";"-0.511162878825886";"0.847910601824694";"650"
"498";"raphael";"0.278399917672366";"-0.511162878825886";"0.847910601824694";"651"
"499";"explosion";"0.278399917672366";"-0.511162878825886";"0.847910601824694";"652"
"500";"edlin";"0.278399917672366";"-0.511162878825886";"0.847910601824694";"653"
"501";"cape";"0.278399917672366";"-0.511162878825886";"0.847910601824694";"654"
"502";"ariel";"0.278399917672366";"-0.511162878825886";"0.847910601824694";"655"
"503";"leave";"0.257499402950797";"-0.269115595160281";"0.84786238747245";"656"
"504";"curve";"0.44672996690791";"-0.522813788668056";"0.84786238747245";"657"
"505";"uk";"0.584812883021909";"-0.627153229052021";"0.847582744229436";"658"
"506";"sea";"0.584812883021909";"-0.627153229052021";"0.847582744229436";"659"
"507";"scandinavia";"0.584812883021909";"-0.627153229052021";"0.847582744229436";"660"
"508";"region";"0.584812883021909";"-0.627153229052021";"0.847582744229436";"661"
"509";"climate";"0.584812883021909";"-0.627153229052021";"0.847582744229436";"662"
"510";"atlas";"0.584812883021909";"-0.627153229052021";"0.847582744229436";"663"
"511";"quality";"0.38645293112488";"-0.550494213379451";"0.847555422763165";"664"
"512";"style";"0.41247681364098";"-0.450256875927738";"0.847508815555996";"665"
"513";"warhol";"0.488812479216796";"-0.525726516128599";"0.846965600520715";"666"
"514";"tanaka";"0.488812479216796";"-0.525726516128599";"0.846965600520715";"667"
"515";"symbolic";"0.488812479216796";"-0.525726516128599";"0.846965600520715";"668"
"516";"snail";"0.488812479216796";"-0.525726516128599";"0.846965600520715";"669"
"517";"rough";"0.488812479216796";"-0.525726516128599";"0.846965600520715";"670"
"518";"paul";"0.488812479216796";"-0.525726516128599";"0.846965600520715";"672"
"519";"particle";"0.488812479216796";"-0.525726516128599";"0.846965600520715";"673"
"520";"outline";"0.488812479216796";"-0.525726516128599";"0.846965600520715";"674"
"521";"neural";"0.488812479216796";"-0.525726516128599";"0.846965600520715";"675"
"522";"guild";"0.488812479216796";"-0.525726516128599";"0.846965600520715";"676"
"523";"butch";"0.488812479216796";"-0.525726516128599";"0.846965600520715";"678"
"524";"andy";"0.488812479216796";"-0.525726516128599";"0.846965600520715";"679"
"525";"small";"0.386916828308728";"-0.85701686059575";"0.846083277874653";"680"
"526";"octane";"0.156325346574598";"-0.601725311843303";"0.845638098688935";"681"
"527";"ruin";"0.479633284659422";"-0.564767264753272";"0.844752561752723";"682"
"528";"award";"0.465524455588691";"-0.527883880567526";"0.844127382318628";"685"
"529";"zodiac";"0.655068421574675";"-0.550425757377627";"0.843691846003359";"686"
"530";"technology";"-0.304818917635213";"0.311941295088754";"0.843691846003359";"687"
"531";"watercolor";"0.409907768637635";"-0.520265152140082";"0.843359166972876";"688"
"532";"sky";"0.166647678472243";"-0.375723651991701";"0.842865773434915";"689"
"533";"hopper";"0.288395376234204";"-0.506542060448967";"0.841809879120775";"690"
"534";"top";"0.269277617094075";"-0.513685996770286";"0.841809879120775";"691"
"535";"wear";"0.278836496664139";"-0.510114028609626";"0.841809879120775";"692"
"536";"shadow";"0.348537438187176";"-0.516017424593457";"0.841809879120775";"693"
"537";"gradient";"0.493119174113469";"-0.531875281659428";"0.841363092789982";"694"
"538";"wheel";"0.525119308715173";"-0.565684185967235";"0.841363092789982";"695"
"539";"tiny";"0.422981653598659";"-0.527020735891857";"0.841363092789982";"696"
"540";"mute";"0.422981653598659";"-0.527020735891857";"0.841363092789982";"697"
"541";"futurism";"0.404300473450303";"-0.533115821996916";"0.841363092789982";"699"
"542";"bottom";"0.318102109037224";"-0.600673524993573";"0.841363092789982";"700"
"543";"group";"0.290394467946571";"-0.505617896773583";"0.840940413635311";"701"
"544";"glow";"0.0599922476302592";"-0.302230697909177";"0.840228448367177";"703"
"545";"planet";"0.485901769880042";"-0.57501296273165";"0.83993434081849";"704"
"546";"rule";"0.482171788176346";"-0.576571939117001";"0.83989416219162";"705"
"547";"boris";"-0.110331895588332";"-0.296253704156964";"0.839720590523542";"706"
"548";"volcano";"0.244773793405326";"-0.522134033814992";"0.83961934038383";"707"
"549";"tile";"0.244773793405326";"-0.522134033814992";"0.83961934038383";"708"
"550";"pinterest";"0.244773793405326";"-0.522134033814992";"0.83961934038383";"709"
"551";"coronation";"-0.137480751138553";"-0.00705764255290001";"0.83961934038383";"710"
"552";"laurie";"-0.431214697166807";"0.440205346828272";"0.838590767535962";"714"
"553";"greasley";"-0.431214697166807";"0.440205346828272";"0.838590767535962";"715"
"554";"putin";"0.32645696639166";"-0.525752578125226";"0.837972016682166";"716"
"555";"continent";"0.335617476738606";"-0.520489476446359";"0.837972016682166";"717"
"556";"evil";"0.456601713207926";"-0.623598259298038";"0.837679516278553";"718"
"557";"grand";"0.298390834796041";"-0.501921242072048";"0.837419158776437";"719"
"558";"powerful";"0.298390834796041";"-0.501921242072048";"0.837419158776437";"720"
"559";"impact";"0.400528489912555";"-0.540584692147426";"0.837419158776437";"721"
"560";"extreme";"0.298390834796041";"-0.501921242072048";"0.837419158776437";"722"
"561";"deep";"0.279709654647685";"-0.508016328177107";"0.837419158776437";"723"
"562";"brush";"0.193511290234607";"-0.575574031173764";"0.837419158776437";"724"
"563";"age";"0.298390834796041";"-0.501921242072048";"0.837419158776437";"725"
"564";"2d";"0.279709654647685";"-0.508016328177107";"0.837419158776437";"726"
"565";"medieval";"0.147893273249845";"-0.333990362111982";"0.836888800901755";"727"
"566";"float";"0.234825839145026";"-0.337401361488977";"0.836548086145898";"728"
"567";"fly";"0.35249837288525";"-0.388402639849327";"0.836385764493344";"729"
"568";"retro";"0.177261162070481";"-0.468504615289971";"0.836038621157188";"730"
"569";"hand";"0.314248555538946";"-0.532255386121308";"0.836038621157188";"731"
"570";"cool";"0.569353971555139";"-0.540101069885207";"0.835199691428146";"732"
"571";"skyscraper";"0.267191209583353";"-0.514819930488921";"0.835077548402461";"734"
"572";"rene";"0.339682510742275";"-0.534360948871113";"0.835077548402461";"735"
"573";"heroic";"0.339682510742275";"-0.534360948871113";"0.835077548402461";"736"
"574";"parade";"0.278399917672366";"-0.511162878825886";"0.834987548278273";"737"
"575";"grey";"0.278399917672366";"-0.511162878825886";"0.834987548278273";"738"
"576";"zdzislaw";"0.278399917672366";"-0.511162878825886";"0.834987548278273";"739"
"577";"wood";"0.278399917672366";"-0.511162878825886";"0.834987548278273";"740"
"578";"window";"0.278399917672366";"-0.511162878825886";"0.834987548278273";"741"
"579";"stalenhag";"0.278399917672366";"-0.511162878825886";"0.834987548278273";"742"
"580";"scientist";"0.278399917672366";"-0.511162878825886";"0.834987548278273";"743"
"581";"politician";"0.278399917672366";"-0.511162878825886";"0.834987548278273";"744"
"582";"pac";"0.278399917672366";"-0.511162878825886";"0.834987548278273";"746"
"583";"nightmare";"0.278399917672366";"-0.511162878825886";"0.834987548278273";"747"
"584";"mullins";"0.278399917672366";"-0.511162878825886";"0.834987548278273";"748"
"585";"mike";"0.278399917672366";"-0.511162878825886";"0.834987548278273";"749"
"586";"live";"0.278399917672366";"-0.511162878825886";"0.834987548278273";"750"
"587";"lithuania";"0.278399917672366";"-0.511162878825886";"0.834987548278273";"751"
"588";"jorge";"0.278399917672366";"-0.511162878825886";"0.834987548278273";"752"
"589";"jacinto";"0.278399917672366";"-0.511162878825886";"0.834987548278273";"753"
"590";"impressive";"0.278399917672366";"-0.511162878825886";"0.834987548278273";"754"
"591";"holy";"0.278399917672366";"-0.511162878825886";"0.834987548278273";"755"
"592";"grant";"0.278399917672366";"-0.511162878825886";"0.834987548278273";"756"
"593";"fall";"0.278399917672366";"-0.511162878825886";"0.834987548278273";"757"
"594";"simplistic";"0.614843580733749";"-0.61335534401242";"0.83481558375527";"758"
"595";"land";"0.529527565089102";"-0.601182667980642";"0.83481558375527";"759"
"596";"day";"0.584812883021908";"-0.627153229052021";"0.834741655081829";"761"
"597";"kyiv";"0.584812883021908";"-0.627153229052021";"0.834741655081829";"762"
"598";"spain";"0.584812883021908";"-0.627153229052021";"0.834741655081829";"763"
"599";"tribal";"0.584812883021908";"-0.627153229052021";"0.834741655081829";"764"
"600";"tactic";"0.584812883021908";"-0.627153229052021";"0.834741655081829";"765"
"601";"stormwind";"0.584812883021908";"-0.627153229052021";"0.834741655081829";"766"
"602";"statistic";"0.584812883021908";"-0.627153229052021";"0.834741655081829";"767"
"603";"sid";"0.584812883021908";"-0.627153229052021";"0.834741655081829";"768"
"604";"repetitive";"0.584812883021908";"-0.627153229052021";"0.834741655081829";"769"
"605";"renowned";"0.584812883021908";"-0.627153229052021";"0.834741655081829";"770"
"606";"renewel";"0.584812883021908";"-0.627153229052021";"0.834741655081829";"771"
"607";"regional";"0.584812883021908";"-0.627153229052021";"0.834741655081829";"772"
"608";"recursive";"0.584812883021908";"-0.627153229052021";"0.834741655081829";"773"
"609";"realm";"0.584812883021908";"-0.627153229052021";"0.834741655081829";"774"
"610";"projection";"0.584812883021908";"-0.627153229052021";"0.834741655081829";"775"
"611";"miss";"0.584812883021908";"-0.627153229052021";"0.834741655081829";"776"
"612";"meier";"0.584812883021908";"-0.627153229052021";"0.834741655081829";"777"
"613";"manga";"0.584812883021908";"-0.627153229052021";"0.834741655081829";"778"
"614";"khreschatyk";"0.584812883021908";"-0.627153229052021";"0.834741655081829";"779"
"615";"intricately";"0.584812883021908";"-0.627153229052021";"0.834741655081829";"780"
"616";"heavenly";"0.584812883021908";"-0.627153229052021";"0.834741655081829";"781"
"617";"export";"0.584812883021908";"-0.627153229052021";"0.834741655081829";"782"
"618";"erase";"0.584812883021908";"-0.627153229052021";"0.834741655081829";"783"
"619";"condition";"0.584812883021908";"-0.627153229052021";"0.834741655081829";"784"
"620";"colffue";"0.584812883021908";"-0.627153229052021";"0.834741655081829";"785"
"621";"antique";"0.584812883021908";"-0.627153229052021";"0.834741655081829";"786"
"622";"alliance";"0.584812883021908";"-0.627153229052021";"0.834741655081829";"787"
"623";"british";"0.188956790920127";"-0.44190711949082";"0.832750402334159";"788"
"624";"eye";"0.184790678706833";"-0.323346492219487";"0.832750402334159";"789"
"625";"abstract";"0.268514991525682";"-0.383182014599559";"0.83211718717469";"790"
"626";"sunny";"0.541641572239894";"-0.553616090243426";"0.83203682992095";"791"
"627";"pencil";"0.436209338830688";"-0.522085606802921";"0.831948436941837";"792"
"628";"lord";"0.512812580168074";"-0.551083194359454";"0.831948436941837";"793"
"629";"macro";"0.422198453719422";"-0.526656921381715";"0.831948436941837";"794"
"630";"jag";"0.512812580168074";"-0.551083194359454";"0.831948436941837";"795"
"631";"crown";"0.490427489803048";"-0.52803230320266";"0.831948436941837";"796"
"632";"billy";"0.436209338830688";"-0.522085606802921";"0.831948436941837";"797"
"633";"arrow";"0.520576134617205";"-0.532544974985683";"0.831009864218157";"798"
"634";"side";"0.27497836950959";"-0.428803669025805";"0.830905399788295";"800"
"635";"armor";"0.163417502926921";"-0.388321638823358";"0.830905399788295";"801"
"636";"orcs";"0.381310848292737";"-0.423936016756341";"0.830640220850954";"802"
"637";"cosmic";"0.34568107082213";"-0.553662618087483";"0.829667898080704";"804"
"638";"glory";"0.393226375345237";"-0.539020026045382";"0.829041111501534";"805"
"639";"natural";"0.343175212492169";"-0.562016501111382";"0.829041111501534";"806"
"640";"fanart";"0.241037557375655";"-0.523353051036004";"0.829041111501534";"807"
"641";"sunbeam";"0.136158012814221";"-0.597005840137721";"0.829041111501534";"808"
"642";"shiny";"0.12169405498862";"-0.449485892710473";"0.829041111501534";"809"
"643";"pantheon";"0.313328425338802";"-0.53128197956899";"0.829041111501534";"810"
"644";"heat";"0.251033015937493";"-0.518732232659085";"0.829041111501534";"811"
"645";"font";"0.311175077890465";"-0.528207596803575";"0.829041111501534";"812"
"646";"cave";"0.313328425338802";"-0.53128197956899";"0.829041111501534";"813"
"647";"banana";"0.241037557375655";"-0.523353051036004";"0.829041111501534";"814"
"648";"cloudy";"-0.452338238458675";"0.450034040211743";"0.828621646637012";"817"
"649";"hat";"0.207820966036532";"-0.412255534137067";"0.828565396559395";"818"
"650";"suit";"0.394332813538464";"-0.519590657842675";"0.828565396559395";"819"
"651";"scan";"0.4920425003893";"-0.530338090276721";"0.828565396559395";"820"
"652";"coin";"0.372825334505819";"-0.527627586204159";"0.828565396559395";"821"
"653";"acrylic";"0.401829407459842";"-0.516125044059985";"0.828565396559395";"822"
"654";"bird";"0.558337065154715";"-0.536590942816615";"0.827353609173";"823"
"655";"magic";"0.0915803603405662";"-0.340442151830891";"0.827162358909099";"824"
"656";"image";"0.064022397346262";"-0.23308216157546";"0.827030573012966";"825"
"657";"knight";"-0.07436253924983";"-0.0641632691815585";"0.826722001158606";"827"
"658";"vladimir";"0.124124920060002";"-0.294237306611555";"0.826587000972323";"828"
"659";"heavy";"-0.0337810816126696";"-0.0987837643295495";"0.826587000972323";"829"
"660";"time";"0.473334637831217";"-0.591537322029172";"0.826370036387226";"830"
"661";"archipelago";"0.482675227905394";"-0.588489778976642";"0.826370036387226";"831"
"662";"street";"0.0676353961172493";"-0.265729333226493";"0.826098428869585";"832"
"663";"form";"0.265371335292589";"-0.513374280418096";"0.825611463911923";"834"
"664";"symetrical";"0.382230038420997";"-0.527215164533585";"0.822998246020307";"837"
"665";"mark";"0.404647454599024";"-0.519901061207514";"0.822998246020307";"838"
"666";"collapse";"0.393438746510011";"-0.523558112870549";"0.822998246020307";"839"
"667";"mordor";"0.515706235605901";"-0.594690027712798";"0.822786102870434";"840"
"668";"independence";"0.515706235605901";"-0.594690027712798";"0.822786102870434";"841"
"669";"elf";"0.515706235605901";"-0.594690027712798";"0.822786102870434";"842"
"670";"rim";"-0.206423705563117";"0.130396952962332";"0.821096993396825";"847"
"671";"parliament";"0.432428827435153";"-0.541103172084544";"0.820915386003374";"848"
"672";"sign";"0.365934801413333";"-0.518789662676201";"0.820915386003374";"849"
"673";"pastel";"0.365148959228142";"-0.520677593065469";"0.820915386003374";"850"
"674";"comic";"0.365148959228142";"-0.520677593065469";"0.820915386003374";"851"
"675";"national";"0.189718281102528";"-0.108633017057601";"0.820695207128127";"853"
"676";"cake";"0.582777553611529";"-0.542496828844642";"0.819957527538796";"855"
"677";"storm";"0.582777553611529";"-0.542496828844642";"0.819957527538796";"856"
"678";"clip";"0.582777553611529";"-0.542496828844642";"0.819957527538796";"857"
"679";"attack";"-0.345962080897705";"0.313595350166787";"0.819957527538796";"858"
"680";"rozalski";"-0.36464326104606";"0.307500264061728";"0.819957527538796";"859"
"681";"jakub";"-0.36464326104606";"0.307500264061728";"0.819957527538796";"860"
"682";"intense";"-0.345962080897705";"0.313595350166787";"0.819957527538796";"861"
"683";"spider";"-0.335966622335868";"0.318216168543706";"0.819957527538796";"862"
"684";"half";"0.0853737789805463";"-0.404933455916383";"0.819642527104136";"863"
"685";"nazi";"0.106881258013191";"-0.3968965275549";"0.819642527104136";"864"
"686";"uniform";"0.0992671956746312";"-0.248079701142537";"0.81855770417865";"865"
"687";"captain";"-0.0842227311954718";"-0.0107629593779793";"0.81855770417865";"866"
"688";"human";"-0.46171162730491";"0.483974545089398";"0.817090380725363";"870"
"689";"element";"0.360079881232636";"-0.48547558258097";"0.81707913070984";"871"
"690";"banner";"0.434675026002838";"-0.537776422514931";"0.81707913070984";"872"
"691";"uhd";"0.5208126138185";"-0.559535420436406";"0.816730380228609";"873"
"692";"simplify";"0.490965826665132";"-0.528800898894013";"0.816730380228609";"874"
"693";"program";"0.418674958701986";"-0.520871970361028";"0.816730380228609";"875"
"694";"polynesian";"0.313795414140551";"-0.594524759462745";"0.816730380228609";"876"
"695";"ready";"-0.0449235559231296";"0.0236223686588733";"0.816648415829795";"877"
"696";"castle";"0.0951666288523557";"-0.254692194291959";"0.815838414712098";"878"
"697";"amaze";"0.129355157709312";"-0.256537410655383";"0.815838414712098";"879"
"698";"giant";"0.185997362357734";"-0.295300395985627";"0.815838414712098";"880"
"699";"paris";"0.349319840913052";"-0.575249926947419";"0.815838414712098";"881"
"700";"gustave";"0.271120424610152";"-0.323218893330521";"0.815692164510292";"882"
"701";"dore";"0.271120424610152";"-0.323218893330521";"0.815692164510292";"883"
"702";"budapest";"-0.674075263162621";"0.77012809579056";"0.814763234657061";"884"
"703";"invade";"-0.463570534462201";"0.273644984175885";"0.814763234657061";"885"
"704";"dubai";"-0.358690989900767";"0.347297773277601";"0.814763234657061";"887"
"705";"army";"0.187765295599079";"-0.305943833111308";"0.814023947922655";"888"
"706";"definition";"0.17727022711681";"-0.425435016295791";"0.813797340467109";"889"
"707";"de";"0.0708525043595022";"-0.258166295494759";"0.813554661560815";"890"
"708";"sparkle";"0.506683144626738";"-0.534663341339953";"0.812548588743994";"898"
"709";"robot";"-0.374562520622753";"0.423381841057687";"0.812548588743994";"899"
"710";"professional";"0.289348906418968";"-0.471796600231416";"0.812461802909955";"900"
"711";"moonlight";"-0.0369843555894885";"-0.0883325563129269";"0.811421980046563";"903"
"712";"process";"-0.0401455361142002";"-0.0819325527741423";"0.811421980046563";"904"
"713";"mix";"-0.0401455361142002";"-0.0819325527741423";"0.811421980046563";"905"
"714";"lenin";"-0.0401455361142002";"-0.0819325527741423";"0.811421980046563";"906"
"715";"monster";"-0.0337810816126694";"-0.0987837643295496";"0.811421980046563";"907"
"716";"rectangle";"0.350690785635512";"-0.519091807358872";"0.811421980046563";"908"
"717";"child";"0.554966095868541";"-0.596418707509628";"0.811314301326552";"909"
"718";"cyberpunk";"0.00875683123573708";"-0.664403014444609";"0.811150372528923";"910"
"719";"michael";"0.0869979499318777";"-0.245976746778665";"0.809932156562229";"911"
"720";"wallpaper";"-0.141863900150923";"-0.161985345414643";"0.809756977749077";"912"
"721";"tank";"-0.0124170803959752";"-0.182584276430194";"0.8089839409681";"913"
"722";"york";"-0.281429295876382";"0.191548592778567";"0.80867536911374";"914"
"723";"4k";"0.328549953743854";"-0.408718443572315";"0.808373225839679";"915"
"724";"symmetry";"0.16913978592525";"-0.331236966058478";"0.80785733227067";"916"
"725";"face";"0.0404771788738608";"-0.182882405366691";"0.806568401920684";"918"
"726";"girl";"0.0493583066473531";"-0.190574523158477";"0.806192329973183";"920"
"727";"horizon";"0.0278508276147085";"-0.198611451519961";"0.806192329973183";"921"
"728";"steampunk";"0.0493583066473531";"-0.190574523158477";"0.806192329973183";"922"
"729";"police";"0.0469874212538195";"-0.185774520504389";"0.806192329973183";"923"
"730";"material";"0.484198423456738";"-0.540853868473309";"0.8060573297869";"925"
"731";"leyendecker";"0.512875062166931";"-0.53013796399133";"0.8060573297869";"926"
"732";"march";"0.36068624419735";"-0.514470988981952";"0.8060573297869";"928"
"733";"machine";"0.420828306150322";"-0.523946353126442";"0.8060573297869";"929"
"734";"universe";"0.342005064048994";"-0.520566075087011";"0.8060573297869";"930"
"735";"solid";"0.402147126001967";"-0.530041439231501";"0.8060573297869";"931"
"736";"silhouette";"0.420828306150322";"-0.523946353126442";"0.8060573297869";"932"
"737";"shallow";"0.332009605487157";"-0.525186893463931";"0.8060573297869";"933"
"738";"hide";"0.462823899313864";"-0.553134439057331";"0.8060573297869";"934"
"739";"cinema";"0.332009605487157";"-0.525186893463931";"0.8060573297869";"935"
"740";"business";"0.420828306150322";"-0.523946353126442";"0.8060573297869";"936"
"741";"forest";"0.42190301405543";"-0.528304121563404";"0.805080185581425";"937"
"742";"depict";"0.0780830826072822";"-0.197452358191551";"0.805023935503807";"938"
"743";"destroy";"0.225833180032094";"-0.414938143838876";"0.8035196477138";"939"
"744";"call";"0.0299919844006096";"-0.0867870985417133";"0.8";"944"
