"";"";"";"";"widescreen";""
"1";"widescreen";"-0.187597806830383";"-0.0469620087715829";"2.81348915497722";"4"
"2";"amsterdam";"-0.424997894260997";"-0.0909088051452064";"2.75450827482372";"5"
"3";"dawn";"-0.189525827972147";"-0.0473303246895916";"2.65687702854657";"9"
"4";"rutkwowski";"-0.435380411134964";"-0.102950208799608";"2.5512843512193";"11"
"5";"magical";"-0.404406674651706";"0.197331301386064";"2.45624984410186";"17"
"6";"carl";"-1.84253601345923";"-2.10678177207758";"2.36057877370774";"19"
"7";"puddle";"3.47947446430363";"-0.43143910321072";"2.33490332319954";"23"
"8";"mullins";"-0.410224076970877";"-0.0860297137307399";"2.32402028621402";"24"
"9";"craig";"-0.410224076970877";"-0.0860297137307399";"2.32402028621402";"25"
"10";"aerial";"-0.35520951542145";"0.0406928776734064";"2.32174402373842";"26"
"11";"inspire";"-0.410110197495503";"-0.0639658733427551";"2.29847434340693";"27"
"12";"snow";"3.39741001265446";"-0.42758631842732";"2.29742730656907";"28"
"13";"pristine";"3.30799326844198";"-0.417913762680841";"2.26158220895439";"29"
"14";"victorian";"-0.39187512866525";"-0.0808773812003728";"2.21664742675781";"32"
"15";"heavy";"-0.215717175915205";"-0.0394464999895824";"2.17137021741928";"35"
"16";"ice";"3.16177143619771";"-0.389091157256579";"2.1569970576409";"37"
"17";"wet";"3.15317738570626";"-0.403602662477346";"2.1569970576409";"38"
"18";"summer";"-0.222229710231215";"-0.0828071427115353";"2.12481768648161";"39"
"19";"demura";"-0.181899534320991";"-0.0871346353759694";"2.05258750998995";"42"
"20";"stain";"3.36441751563572";"-0.422233489444278";"2.0344147259635";"44"
"21";"surround";"-0.216956110387009";"-0.0237962127883017";"2.01426201064198";"46"
"22";"stalenhag";"-1.74910668703008";"-1.97373009527262";"1.99946740207352";"47"
"23";"riabovitchev";"3.2619035137467";"-0.409601048660755";"1.96212528323574";"49"
"24";"elegant";"-0.184321081891033";"-0.0274280249269349";"1.96207040709119";"51"
"25";"mucha";"-0.0433136520340722";"-0.0379268596235025";"1.95120273542614";"52"
"26";"soldier";"-0.137007774592272";"0.11845674795858";"1.94303277502676";"55"
"27";"krenz";"-0.192256109862708";"-0.0878904846781715";"1.92404782406109";"56"
"28";"cushart";"-0.192256109862708";"-0.0878904846781715";"1.92404782406109";"57"
"29";"cgsociety";"-0.270357250821271";"-0.0851277419655156";"1.88763859968052";"59"
"30";"waterfall";"2.89233690272188";"-0.362072051662048";"1.88407823542265";"60"
"31";"center";"-0.000433831226443414";"-0.0679684417960123";"1.8721569417824";"61"
"32";"symmetry";"-1.85984344848716";"-2.13075043259509";"1.86842097386199";"62"
"33";"focus";"-0.211201331862665";"-0.0229704841114977";"1.83839274756874";"63"
"34";"orange";"3.56655000488029";"-0.444653465898769";"1.77521054978913";"66"
"35";"super";"-0.198775763573642";"0.11270458239529";"1.76383801759429";"69"
"36";"sharp";"-0.218768674132497";"-0.0224648827758865";"1.74622716528795";"70"
"37";"tattoo";"-0.181899534320991";"-0.0871346353759694";"1.74252192800848";"71"
"38";"photography";"-0.376028300598868";"0.023385845257965";"1.74013152315225";"72"
"39";"stanley";"3.31474669273754";"-0.419935810944422";"1.73739210601672";"75"
"40";"lau";"3.31474669273754";"-0.419935810944422";"1.73739210601672";"76"
"41";"skull";"-0.1397954244165";"0.125169149318031";"1.73381198634682";"77"
"42";"masculine";"-0.116896198724702";"0.169436766460769";"1.69733691059279";"79"
"43";"coherent";"-1.85012332005703";"-2.11091489266994";"1.6662594524159";"80"
"44";"glass";"2.34032704984024";"-0.320776927550232";"1.64739522896822";"82"
"45";"tranding";"3.56655000488029";"-0.44465346589877";"1.62758274574286";"83"
"46";"watercolor";"-0.387675111872581";"-0.310040411381227";"1.6263557151509";"84"
"47";"particle";"3.56655000488029";"-0.44465346589877";"1.59080475367096";"85"
"48";"frazetta";"3.40465590408872";"-0.424903860962583";"1.58916285942627";"86"
"49";"zdzis";"-0.321020021046997";"0.100852190428788";"1.57425191343139";"87"
"50";"aw";"-0.321020021046997";"0.100852190428788";"1.57425191343139";"88"
"51";"illustration";"0.54030311923787";"0.0290183596836012";"1.57155859225728";"89"
"52";"hyperdetailed";"-0.288264451108283";"-0.0660397481427757";"1.56319546782911";"90"
"53";"sunbeam";"3.40269929594143";"-0.423139105151216";"1.55245949891096";"91"
"54";"figure";"-0.141060982115768";"0.140496661887816";"1.55203366002931";"92"
"55";"symbol";"-0.116896198724702";"0.169436766460769";"1.53216849570519";"93"
"56";"neo";"-0.261775792532708";"-0.122953896461956";"1.53051343118581";"94"
"57";"carcassonne";"3.39616593491659";"-0.428402609965915";"1.51581540463175";"95"
"58";"mountain";"-0.204521669998433";"0.339299966236266";"1.51348646105739";"96"
"59";"lense";"-0.37813011996044";"0.0501579778367928";"1.51245259449423";"98"
"60";"hard";"-1.83904440356814";"-2.09674180479026";"1.50566331789152";"99"
"61";"moody";"-0.309119649013636";"0.095784654515407";"1.49279595951936";"100"
"62";"belgium";"-0.0342920385931461";"0.203305104163126";"1.49125503738063";"101"
"63";"mead";"-1.61627913982766";"-1.80374604121738";"1.49035945870171";"102"
"64";"smooth";"-0.202933810433173";"-0.0267390793696164";"1.48918949930008";"103"
"65";"film";"-0.334839495205199";"0.0869924756020227";"1.48336823788709";"104"
"66";"rutowski";"3.38024199127552";"-0.42764733218082";"1.47923057658864";"106"
"67";"lively";"-0.440781895082631";"-0.102197468084713";"1.47645823376639";"107"
"68";"slow";"-0.450938018496403";"-0.113158678139247";"1.47482950979639";"108"
"69";"edward";"-1.71033723741327";"-1.91673055142111";"1.47364418507429";"109"
"70";"gilleard";"-1.76407913580264";"-1.99038369540142";"1.46826412786341";"110"
"71";"rossdraws";"2.88046162554902";"-0.367385565754633";"1.46297406752959";"111"
"72";"frank";"2.86982423005544";"-0.372533199428493";"1.46297406752959";"112"
"73";"resemble";"-0.181899534320991";"-0.0871346353759689";"1.46289504588145";"113"
"74";"ultrawide";"-0.372843049140256";"0.0488782598284186";"1.46065829422992";"115"
"75";"trident";"-0.116896198724702";"0.169436766460769";"1.44975550183236";"118"
"76";"hopper";"-1.6523610364426";"-1.83564440125483";"1.4421233276495";"119"
"77";"gurney";"-0.234162476895043";"-0.0554301728106134";"1.44112238677305";"122"
"78";"prague";"-0.206293317511723";"-0.0723839145847148";"1.44030143965071";"123"
"79";"rockwell";"-1.34399906671299";"-1.95064194218017";"1.43426945384268";"125"
"80";"norman";"-1.34399906671299";"-1.95064194218017";"1.43426945384268";"126"
"81";"shadow";"-1.26494648609676";"-1.37917816848216";"1.43374264285508";"127"
"82";"fallout";"-0.456845440102591";"0.0527617092258915";"1.43215781980071";"128"
"83";"gent";"-0.236574855122046";"-0.200731179494";"1.4310932225966";"129"
"84";"stiavnica";"-0.207564581703679";"-0.101724404107527";"1.4303864178549";"130"
"85";"banska";"-0.207564581703679";"-0.101724404107527";"1.4303864178549";"131"
"86";"matte";"-0.325611964379705";"0.048223029347477";"1.42810357024196";"132"
"87";"digital";"-0.117468849752081";"-0.0175586120666093";"1.42623339123598";"133"
"88";"david";"-0.503231608828654";"-0.299636261241618";"1.42078528760587";"134"
"89";"caspar";"-0.503231608828654";"-0.299636261241618";"1.42078528760587";"135"
"90";"angle";"-0.280871542296535";"-0.0793215391272724";"1.41998848598713";"136"
"91";"seaside";"-0.433284835305118";"-0.108782342276906";"1.41452282199077";"137"
"92";"concept";"0.214834049129681";"0.0749737238973299";"1.39694489537115";"139"
"93";"incredible";"-0.239900629223132";"-0.163898420779882";"1.38578089252557";"141"
"94";"exquisite";"-0.360506527670409";"0.0362915650479737";"1.37603488925495";"142"
"95";"tower";"-0.623734565779991";"-0.380042483836774";"1.37218697399968";"143"
"96";"windmill";"3.35069120382486";"-0.418320659317188";"1.36984047005908";"144"
"97";"volumetric";"0.284404114386122";"-0.123912937141965";"1.36654351129501";"146"
"98";"archdaily";"-0.450938018496403";"-0.113158678139247";"1.35037041397566";"148"
"99";"venice";"-0.210347035439215";"-0.0846903967274235";"1.32726097198623";"151"
"100";"nice";"-0.236574855122046";"-0.200731179493999";"1.32426692954003";"152"
"101";"highly";"-0.287910829872671";"-0.0221402941593761";"1.31475140607649";"153"
"102";"friedrich";"-0.463488637439313";"-0.226900468972113";"1.31054130826724";"155"
"103";"solter";"-0.372843049140256";"0.0488782598284186";"1.30587244588963";"157"
"104";"jonathan";"-0.372843049140256";"0.0488782598284186";"1.30587244588963";"158"
"105";"tone";"2.99200133647235";"-0.370425291599511";"1.30552343361034";"159"
"106";"intricate";"-0.25839534293139";"-0.00602685418084326";"1.30191477834527";"160"
"107";"castle";"-0.213937778541926";"0.0499344194044902";"1.3017918557815";"161"
"108";"house";"-0.245658076327767";"-0.0358711153390354";"1.30056043509798";"162"
"109";"ufo";"-0.429672671089929";"0.0503450643990796";"1.29182634793272";"163"
"110";"streetview";"-0.432321594696023";"-0.0881649610877818";"1.29116563915243";"164"
"111";"glow";"-0.291221227091914";"0.0374707492645025";"1.28338859194797";"165"
"112";"hd";"-0.282147062719601";"0.178279660582198";"1.27765732741203";"166"
"113";"ultra";"-0.276618861574242";"-0.0267606642064158";"1.27765732741203";"167"
"114";"countryside";"-0.233433168357622";"-0.177921360331365";"1.27243311845165";"168"
"115";"unreal";"-0.324481416208639";"-0.0230514726717178";"1.27128071941628";"169"
"116";"painter";"-1.71172791047112";"-1.92759098777573";"1.27093609722856";"170"
"117";"engine";"-0.321819238813324";"-0.0207770285203799";"1.26736695278756";"171"
"118";"flow";"-0.226011741585839";"-0.0998311046027666";"1.26447827253888";"172"
"119";"quaint";"-0.357313344737813";"0.0489963117799239";"1.25570028445798";"173"
"120";"soft";"-0.273003375135392";"-0.0999503144440083";"1.24627695291727";"174"
"121";"vibrant";"-1.06335343011755";"-1.02616532425372";"1.24241806243309";"175"
"122";"peaceful";"-0.225068887009347";"-0.157188780808164";"1.22990410643178";"177"
"123";"town";"-0.293827499698931";"-0.036630021023464";"1.22111075303041";"179"
"124";"chalet";"-0.207564581703679";"-0.101724404107527";"1.2169687016404";"180"
"125";"alpine";"-0.207564581703679";"-0.101724404107527";"1.2169687016404";"181"
"126";"tictac";"-0.45743618226321";"0.0693537479624056";"1.21655383798766";"182"
"127";"takeya";"-0.45743618226321";"0.0693537479624056";"1.21655383798766";"183"
"128";"takayuki";"-0.45743618226321";"0.0693537479624056";"1.21655383798766";"184"
"129";"crash";"-0.45743618226321";"0.0693537479624056";"1.21655383798766";"185"
"130";"paris";"-0.0242324486613167";"-0.0754486190853444";"1.2086933790435";"186"
"131";"nestle";"-0.202736032920071";"-0.0897182191422057";"1.20305869652195";"190"
"132";"snowfall";"-0.372843049140256";"0.0488782598284184";"1.2030411361557";"191"
"133";"galic";"-0.372843049140256";"0.0488782598284184";"1.2030411361557";"192"
"134";"fall";"-0.236232980337588";"-0.0643773529108157";"1.19861153376828";"193"
"135";"zurich";"-0.261775792532708";"-0.122953896461956";"1.19419729670135";"194"
"136";"dream";"-0.436469920237085";"-0.102393120050187";"1.18929356442509";"195"
"137";"hyperrealism";"-0.347491380724292";"0.0188587967371477";"1.18830798886912";"196"
"138";"study";"-0.345918280819877";"-0.0875246578218275";"1.18222112691655";"198"
"139";"anime";"-0.307813544908682";"-0.130158324321704";"1.17797371332902";"201"
"140";"morning";"-0.236874556832448";"-0.0696178479987545";"1.17748202307392";"202"
"141";"peak";"-0.207564581703679";"-0.101724404107527";"1.17446383512412";"203"
"142";"zombie";"-0.426652233786355";"0.0604611489862488";"1.1714368669912";"204"
"143";"beksinski";"-0.304670539913133";"0.0333127905623043";"1.16982350834167";"205"
"144";"distant";"-0.177953373837073";"0.122257154465187";"1.16864915884848";"207"
"145";"delicate";"-0.236574855122046";"-0.200731179493999";"1.16458173901504";"208"
"146";"switzerland";"2.85778391293093";"-0.367554535849253";"1.16450052232112";"209"
"147";"crook";"-0.450938018496403";"-0.113158678139247";"1.16432711370437";"211"
"148";"wind";"-0.350860094814172";"0.0469127439127301";"1.16412736453824";"212"
"149";"peter";"-0.356350134308704";"0.000444185907835431";"1.16121453878596";"213"
"150";"wide";"-0.280029077068379";"-0.0387776049659972";"1.15894486144771";"214"
"151";"long";"2.27911825912846";"-0.267659362886385";"1.15771563580998";"215"
"152";"serene";"-0.266901955946297";"-0.119965373762426";"1.15754661728479";"216"
"153";"river";"-0.227912482085462";"-0.0429309666904378";"1.15428477925323";"217"
"154";"grid";"-0.344404510205194";"0.0622736494542352";"1.15399064311848";"218"
"155";"speckle";"3.56655000488029";"-0.44465346589877";"1.15346602717666";"220"
"156";"top";"-0.264773780492605";"0.136778492375409";"1.15295458150953";"221"
"157";"trend";"0.0762694950752699";"-0.0433741283023141";"1.14775232300697";"222"
"158";"verehin";"-0.45743618226321";"0.0693537479624057";"1.1459765309696";"223"
"159";"ting";"-0.45743618226321";"0.0693537479624057";"1.1459765309696";"224"
"160";"maxim";"-0.45743618226321";"0.0693537479624057";"1.1459765309696";"225"
"161";"konig";"-0.45743618226321";"0.0693537479624057";"1.1459765309696";"226"
"162";"johnson";"-0.45743618226321";"0.0693537479624057";"1.1459765309696";"227"
"163";"invade";"-0.45743618226321";"0.0693537479624057";"1.1459765309696";"228"
"164";"paint";"-0.341103673329469";"-0.15785562036632";"1.14244470230689";"229"
"165";"epic";"-0.24289518618957";"0.0150896300748069";"1.14229543919374";"230"
"166";"8k";"-0.330626398363113";"-0.00692533360954318";"1.14100914236568";"231"
"167";"graphic";"-0.321020021046997";"0.100852190428788";"1.13988527892547";"232"
"168";"ski";"-0.321020021046997";"0.100852190428788";"1.13988527892547";"233"
"169";"beksi";"-0.321020021046997";"0.100852190428788";"1.13988527892547";"234"
"170";"akihiko";"2.66349615849977";"-0.340522306333197";"1.1396416288437";"235"
"171";"imax";"-0.31417823808637";"-0.0318573737551756";"1.13759145608362";"236"
"172";"tudor";"-0.207564581703679";"-0.101724404107527";"1.13201603979818";"238"
"173";"sprawl";"-0.264773780492605";"0.136778492375409";"1.12882663827741";"239"
"174";"poster";"-0.247628103558634";"-0.143973389100689";"1.12653281543556";"240"
"175";"single";"-1.22401521446233";"-1.26693269007342";"1.12618160811049";"241"
"176";"octane";"-0.360750914826978";"-0.094739899354943";"1.12434654983702";"243"
"177";"perspective";"-0.418290669878421";"-0.302808982296";"1.12029888541562";"244"
"178";"natural";"-0.404930471997875";"-0.0964358369905406";"1.11865699117093";"245"
"179";"blue";"0.234137423578583";"-0.0268521123581562";"1.11793482110876";"246"
"180";"render";"-0.368162942008887";"-0.0551084418522175";"1.11787335982687";"247"
"181";"james";"-0.0759470483277153";"-0.489806808645943";"1.11560368248862";"248"
"182";"protect";"-0.187043249373344";"-0.0506981180049123";"1.11264476077493";"251"
"183";"dolomite";"-0.187043249373344";"-0.0506981180049123";"1.11264476077493";"252"
"184";"toei";"-0.236574855122046";"-0.200731179494";"1.1114989468769";"253"
"185";"storm";"-0.239099820200979";"-0.0606426477911448";"1.1078946817034";"255"
"186";"yoshitaka";"2.59282584311817";"-0.340012703342948";"1.10574792692892";"256"
"187";"amano";"2.59282584311817";"-0.340012703342948";"1.10574792692892";"257"
"188";"jordan";"-0.292021013471788";"-0.111834159055972";"1.10471625541154";"258"
"189";"underground";"-0.345918280819877";"-0.0875246578218272";"1.10447260532977";"259"
"190";"adventure";"-0.345918280819877";"-0.0875246578218272";"1.10447260532977";"260"
"191";"ismail";"-0.345918280819877";"-0.0875246578218272";"1.10447260532977";"261"
"192";"inceoglu";"-0.345918280819877";"-0.0875246578218272";"1.10447260532977";"262"
"193";"babylon";"-0.345918280819877";"-0.0875246578218272";"1.10447260532977";"263"
"194";"scenery";"-0.253238953332886";"-0.0738597873669951";"1.10411261782158";"264"
"195";"deform";"-0.450938018496403";"-0.113158678139248";"1.10248389385158";"265"
"196";"burn";"-1.490239428383";"-1.15623524455576";"1.10024494715427";"266"
"197";"steampunk";"-0.30307270357227";"0.0850742571382516";"1.09613143135942";"267"
"198";"light";"-0.260452969104081";"-0.314397363608846";"1.09523146258894";"268"
"199";"print";"-0.251774135401098";"-0.146165270782159";"1.09338762413233";"269"
"200";"flat";"-0.246772224977914";"-0.153508526343301";"1.09338762413233";"270"
"201";"ultradetailed";"-1.09323769330132";"-1.02993205921196";"1.09149329962275";"271"
"202";"wallpaper";"-0.365753175598625";"-0.0683944109044697";"1.09149329962275";"272"
"203";"sunlight";"-0.373285498284394";"-0.0715996453663044";"1.09149329962275";"273"
"204";"timber";"-0.207564581703679";"-0.101724404107527";"1.08962970575411";"274"
"205";"villeneuve";"-0.181899534320991";"-0.0871346353759696";"1.08849267203921";"275"
"206";"magali";"-0.181899534320991";"-0.0871346353759696";"1.08849267203921";"276"
"207";"mushroom";"2.91897360171401";"-0.365655046154025";"1.08673224532231";"277"
"208";"yoshida";"2.23668680457665";"-0.302514155689613";"1.08003955073399";"279"
"209";"makoto";"-0.269913087976758";"-0.0806830720886495";"1.0760752980523";"281"
"210";"cimbing";"-0.45743618226321";"0.0693537479624067";"1.07549800101172";"282"
"211";"clear";"-0.235517793182798";"-0.0674967298005043";"1.0710574233954";"285"
"212";"artstation";"0.0895260199570822";"-0.100637577963208";"1.06858580184524";"288"
"213";"neon";"-0.32059769966107";"0.0865491628569699";"1.06749925418331";"289"
"214";"direct";"-0.280195256582538";"0.114569105635184";"1.06749925418331";"290"
"215";"complex";"-0.355297335054781";"-0.0627377455329338";"1.06557639407856";"291"
"216";"aivazovsky";"-0.32679994834539";"-0.0669898406186547";"1.06557639407856";"292"
"217";"shinkai";"-0.275464982385436";"-0.081406740354034";"1.06504299795362";"294"
"218";"villager";"-0.236574855122046";"-0.200731179493999";"1.05849298134111";"295"
"219";"naïve";"-0.236574855122046";"-0.200731179493999";"1.05849298134111";"296"
"220";"realistic";"-0.297968107946727";"0.320343381717562";"1.05766325403564";"297"
"221";"grim";"-0.271138047393485";"-0.108692611451532";"1.0573208268937";"298"
"222";"architecture";"-0.361755623190505";"-0.0935055997284252";"1.05607184584393";"299"
"223";"perfect";"-0.46016261774881";"-0.352539967393871";"1.05442995159924";"301"
"224";"impose";"-0.321020021046997";"0.100852190428788";"1.05337413457826";"302"
"225";"ukranian";"-0.321020021046997";"0.100852190428788";"1.05337413457826";"303"
"226";"somber";"-0.321020021046997";"0.100852190428788";"1.05337413457826";"304"
"227";"odessa";"-0.321020021046997";"0.100852190428788";"1.05337413457826";"305"
"228";"malevolent";"-0.321020021046997";"0.100852190428788";"1.05337413457826";"306"
"229";"imperious";"-0.321020021046997";"0.100852190428788";"1.05337413457826";"307"
"230";"giacomo";"-0.321020021046997";"0.100852190428788";"1.05337413457826";"308"
"231";"burattini";"-0.321020021046997";"0.100852190428788";"1.05337413457826";"309"
"232";"animate";"-0.321020021046997";"0.100852190428788";"1.05337413457826";"310"
"233";"alienate";"-0.321020021046997";"0.100852190428788";"1.05337413457826";"311"
"234";"battle";"-0.12989686584396";"0.118122486093421";"1.05257733295951";"312"
"235";"galata";"-0.261775792532708";"-0.122953896461956";"1.05206588729238";"313"
"236";"dof";"-0.269781076512558";"0.108331133687641";"1.05122079466644";"314"
"237";"wall";"-0.243745072204099";"-0.0619385969702995";"1.050722519274";"315"
"238";"witcher";"-0.372843049140256";"0.0488782598284184";"1.04932647015686";"316"
"239";"impossibly";"-0.372843049140256";"0.0488782598284184";"1.04932647015686";"317"
"240";"half";"-0.211506486515842";"-0.0965891845679791";"1.04907623493775";"318"
"241";"german";"-0.29597513445254";"0.0846140868362682";"1.0478601795747";"319"
"242";"germany";"-0.415260963204809";"-0.051969326757319";"1.04677363191277";"320"
"243";"majestic";"-0.22175429985172";"-0.0589163184480154";"1.04617657946016";"321"
"244";"spot";"3.1437000243157";"-0.401985597220145";"1.04569147434241";"322"
"245";"realist";"-0.197454563538871";"-0.0526870239621591";"1.04569147434241";"325"
"246";"nearby";"3.56655000488029";"-0.44465346589877";"1.04527002555233";"326"
"247";"ghibli";"-0.318594820581719";"-0.0782971840845189";"1.04474979970207";"327"
"248";"vintage";"-0.407913482363508";"-0.116441414256446";"1.04437225182763";"328"
"249";"ukrainian";"-0.158398559547857";"0.0877814517652008";"1.04228256824347";"329"
"250";"throne";"-0.178039265321453";"0.119504346092278";"1.04228256824347";"330"
"251";"huge";"-0.212342139413058";"0.0203414040897453";"1.04195111633044";"331"
"252";"solarpunk";"-0.436469920237085";"-0.102393120050188";"1.04075262133365";"332"
"253";"hdr";"-0.279552543030446";"-0.07855072203374";"1.0406626244566";"333"
"254";"screenshot";"-0.4011579465924";"0.0608975176681009";"1.0396572934886";"334"
"255";"triumph";"-0.116896198724702";"0.169436766460769";"1.0394048632237";"335"
"256";"western";"-0.116896198724702";"0.169436766460769";"1.0394048632237";"336"
"257";"sienkiewicz";"-0.116896198724702";"0.169436766460769";"1.0394048632237";"337"
"258";"scary";"-0.116896198724702";"0.169436766460769";"1.0394048632237";"338"
"259";"devil";"-0.116896198724702";"0.169436766460769";"1.0394048632237";"339"
"260";"crumble";"-0.116896198724702";"0.169436766460769";"1.0394048632237";"340"
"261";"bill";"-0.116896198724702";"0.169436766460769";"1.0394048632237";"341"
"262";"lacoste";"-0.181899534320991";"-0.0871346353759697";"1.03916121314194";"343"
"263";"bierstadt";"-0.324049595680311";"-0.110165962156262";"1.03914804286725";"344"
"264";"berlin";"-0.281738737584115";"-0.114706031726955";"1.0360398580404";"345"
"265";"pixar";"-0.363005345882884";"0.040587024369385";"1.03590376520194";"346"
"266";"key";"-0.332134843928799";"0.052857016817378";"1.03590376520194";"347"
"267";"sky";"-0.227849688558044";"-0.0441749113996067";"1.03554377769375";"348"
"268";"hardturm";"-0.261775792532708";"-0.122953896461956";"1.02849329064302";"350"
"269";"grossmünster";"-0.261775792532708";"-0.122953896461956";"1.02849329064302";"351"
"270";"ancient";"-0.748599142604339";"-0.202386168580501";"1.02700285455726";"352"
"271";"channel";"-0.345918280819877";"-0.0875246578218272";"1.02683164098629";"353"
"272";"sewer";"-0.345918280819877";"-0.0875246578218272";"1.02683164098629";"354"
"273";"warn";"-0.345918280819877";"-0.0875246578218272";"1.02683164098629";"355"
"274";"ue5";"-0.345918280819877";"-0.0875246578218272";"1.02683164098629";"356"
"275";"sewage";"-0.345918280819877";"-0.0875246578218272";"1.02683164098629";"357"
"276";"ruysch";"-0.345918280819877";"-0.0875246578218272";"1.02683164098629";"358"
"277";"rtx";"-0.345918280819877";"-0.0875246578218272";"1.02683164098629";"359"
"278";"rachel";"-0.345918280819877";"-0.0875246578218272";"1.02683164098629";"360"
"279";"musty";"-0.345918280819877";"-0.0875246578218272";"1.02683164098629";"361"
"280";"moss";"-0.345918280819877";"-0.0875246578218272";"1.02683164098629";"362"
"281";"lisa";"-0.345918280819877";"-0.0875246578218272";"1.02683164098629";"363"
"282";"heem";"-0.345918280819877";"-0.0875246578218272";"1.02683164098629";"364"
"283";"dean";"-0.345918280819877";"-0.0875246578218272";"1.02683164098629";"365"
"284";"davidsz";"-0.345918280819877";"-0.0875246578218272";"1.02683164098629";"366"
"285";"count";"-0.345918280819877";"-0.0875246578218272";"1.02683164098629";"367"
"286";"studio";"-0.312299547640779";"-0.0742354355006534";"1.02624775880837";"368"
"287";"gothic";"-0.34735529332558";"-0.119151104491138";"1.02538071572461";"369"
"288";"hyper";"-0.275618561218264";"0.0286792379093058";"1.02471781189854";"370"
"289";"small";"-0.147464145527249";"-0.0723681085470258";"1.02150426487418";"371"
"290";"night";"-0.29386237643984";"-0.106141985628915";"1.02026625905332";"372"
"291";"otherworldly";"-0.239099820200979";"-0.0606426477911445";"1.01805804299696";"373"
"292";"foliage";"-0.239099820200979";"-0.0606426477911445";"1.01805804299696";"374"
"293";"pumpkin";"-0.239099820200979";"-0.0606426477911445";"1.01805804299696";"375"
"294";"18th";"-0.239099820200979";"-0.0606426477911445";"1.01805804299696";"376"
"295";"walk";"-0.230623561570345";"-0.0711876581537165";"1.01704173680004";"377"
"296";"low";"-0.257813518379444";"-0.120395882240739";"1.01365258611314";"378"
"297";"stone";"-0.261422264924291";"0.012637965055569";"1.01308406925569";"379"
"298";"ruan";"-0.189161012340238";"-0.0903909318383313";"1.01307528907256";"380"
"299";"jia";"-0.189161012340238";"-0.0903909318383313";"1.01307528907256";"381"
"300";"lake";"-0.287390483647838";"0.127092077426763";"1.01256384340543";"383"
"301";"moebius";"-0.353220009111956";"0.030292186190944";"1.01136095831708";"385"
"302";"scene";"-0.253437903516184";"-0.0685952638249742";"1.01088024329089";"386"
"303";"doll";"3.56655000488029";"-0.44465346589877";"1.00930420041965";"387"
"304";"narrow";"-0.282288544289933";"0.130648970156045";"1.00715964069096";"388"
"305";"body";"-0.138563977256799";"0.0839129658485229";"1.00681282345746";"389"
"306";"artgerm";"0.723176221146487";"-0.106296002455281";"1.00653624768897";"390"
"307";"choi";"-0.405488269208518";"0.0543474871901408";"1.00645283594926";"391"
"308";"socialist";"-0.236574855122046";"-0.200731179493999";"1.00555945231612";"392"
"309";"lorenzo";"-0.236574855122046";"-0.200731179493999";"1.00555945231612";"393"
"310";"lanfranconi";"-0.236574855122046";"-0.200731179493999";"1.00555945231612";"394"
"311";"aztec";"-0.236574855122046";"-0.200731179493999";"1.00555945231612";"395"
"312";"approach";"-0.236574855122046";"-0.200731179493999";"1.00555945231612";"396"
"313";"afternoon";"-0.236574855122046";"-0.200731179493999";"1.00555945231612";"397"
"314";"gloomy";"-0.268444371716397";"-0.0570210797611966";"1.00516434407542";"398"
"315";"survivor";"-0.45743618226321";"0.0693537479624053";"1.00511605306823";"399"
"316";"mohrhauser";"-0.45743618226321";"0.0693537479624053";"1.00511605306823";"400"
"317";"mitchell";"-0.45743618226321";"0.0693537479624053";"1.00511605306823";"401"
"318";"maciej";"-0.45743618226321";"0.0693537479624053";"1.00511605306823";"402"
"319";"kuciara";"-0.45743618226321";"0.0693537479624053";"1.00511605306823";"403"
"320";"sunset";"-0.252098790719742";"-0.0908545754163538";"1.00336879662602";"404"
"321";"color";"0.4062398842092";"-0.110037593106416";"1.00265760179275";"405"
"322";"italian";"-0.248976515962315";"-0.0175059920604691";"1.00107277873839";"406"
"323";"traditional";"-0.198214853067957";"-0.0355430480859694";"1.00107277873839";"407"
"324";"ray";"-0.235055952570926";"0.0180146319504139";"0.998833832041083";"408"
"325";"elevate";"-0.372843049140256";"0.0488782598284185";"0.998232389496906";"409"
"326";"pc";"-0.372843049140256";"0.0488782598284185";"0.998232389496906";"410"
"327";"colour";"-0.34549736813376";"-0.0277426319461617";"0.997376321642054";"411"
"328";"piranesi";"-0.603605516384087";"-0.421567045122891";"0.995615894925154";"412"
"329";"garden";"0.64111255829454";"-0.16149145895782";"0.990925082089724";"416"
"330";"dramatic";"-0.30320517665651";"-0.0312215028992159";"0.990593630176691";"418"
"331";"mccurry";"-0.181899534320991";"-0.0871346353759691";"0.989968042128915";"419"
"332";"kincade";"-0.181899534320991";"-0.0871346353759691";"0.989968042128915";"420"
"333";"view";"-0.568000174210606";"-0.289399789200474";"0.98986926506874";"421"
"334";"witch";"-0.397130321661321";"-0.107953869586592";"0.98812200862653";"422"
"335";"cover";"-0.273736057597748";"0.0491397792372394";"0.987678609378632";"423"
"336";"flare";"-0.320492119314589";"0.0829734059640157";"0.985516489283687";"424"
"337";"warhammer";"-0.320492119314589";"0.0829734059640157";"0.985516489283687";"425"
"338";"overcast";"-0.300539970835492";"0.0604784808738047";"0.985516489283687";"426"
"339";"drone";"-0.930663800460608";"-0.804475644040037";"0.983325833593579";"427"
"340";"extremely";"-0.47957418377873";"-0.3112753501104";"0.982700245545803";"428"
"341";"cobblestone";"-0.316336113516793";"-0.0110592082673271";"0.982566347753121";"429"
"342";"limmat";"-0.261775792532708";"-0.122953896461956";"0.981444679358688";"430"
"343";"cinematic";"-0.504431056162298";"-0.305114657413208";"0.980184723080008";"432"
"344";"shoot";"0.647405402400443";"-0.0773132577744536";"0.978079674175386";"433"
"345";"storybook";"-0.226700982433858";"-0.129043176411434";"0.977094098619416";"434"
"346";"photo";"-0.319883007428447";"0.201321726204564";"0.976756061569039";"435"
"347";"kinkade";"-0.295320293085738";"-0.0146927998552284";"0.976565092586033";"436"
"348";"wave";"-0.392715717013026";"0.0485399312938465";"0.976277541588634";"437"
"349";"area";"-0.200406653667627";"0.0987879053107646";"0.975032950630427";"438"
"350";"lone";"-0.180882911328591";"0.139297139802682";"0.975032950630427";"439"
"351";"photograph";"-0.397155207023822";"-0.0499413097338922";"0.974637842389726";"440"
"352";"kindkade";"3.56655000488029";"-0.44465346589877";"0.973388861339956";"441"
"353";"landscale";"3.56655000488029";"-0.44465346589877";"0.973388861339956";"442"
"354";"moon";"-0.239099820200979";"-0.0606426477911442";"0.973233013089457";"444"
"355";"city";"0.0207847824286349";"-0.0207564357915586";"0.969477289757018";"445"
"356";"blur";"-0.272537083389666";"0.117337669918052";"0.969209494171655";"446"
"357";"scale";"-0.339165814144249";"-0.0583092302239456";"0.965596448815025";"447"
"358";"de";"-0.309942785793254";"-0.0530992855426255";"0.965596448815025";"448"
"359";"roger";"-0.309942785793254";"-0.0530992855426255";"0.965596448815025";"449"
"360";"part";"-0.309942785793254";"-0.0530992855426255";"0.965596448815025";"450"
"361";"layer";"-0.319213665665152";"-0.0808041553141564";"0.965596448815025";"451"
"362";"ernst";"-1.54840615074001";"-1.68207879902735";"0.964845743157693";"455"
"363";"effect";"-0.326180820578134";"-0.0591969175156954";"0.964536241702478";"456"
"364";"steve";"-0.184134730586813";"-0.0718778057458645";"0.964472585374809";"457"
"365";"horror";"-0.380078463083912";"-0.090464413690461";"0.964408929047141";"459"
"366";"line";"-0.257238947848919";"0.0971490344981829";"0.962841666359028";"460"
"367";"riverboat";"-0.207564581703679";"-0.101724404107527";"0.962817520855429";"461"
"368";"picturesque";"-0.207564581703679";"-0.101724404107527";"0.962817520855429";"462"
"369";"foot";"-0.207564581703679";"-0.101724404107527";"0.962817520855429";"463"
"370";"detach";"-0.207564581703679";"-0.101724404107527";"0.962817520855429";"464"
"371";"mohrbacher";"-0.3413617101444";"-0.0281698540117342";"0.961540004210497";"465"
"372";"rutkowski";"-0.19140554365908";"-0.019365137007791";"0.959421785031185";"466"
"373";"animation";"-0.310589920630817";"-0.0594930146853833";"0.958835707807479";"467"
"374";"cloud";"-0.232949465150862";"0.0227079399144166";"0.958374748193328";"468"
"375";"brussels";"-0.261775792532708";"-0.122953896461956";"0.9579708597695";"469"
"376";"train";"-0.26812386159767";"-0.106032679902883";"0.956890897244918";"470"
"377";"ruin";"-0.319660057147939";"-0.129150374727078";"0.956122631221333";"471"
"378";"pixel";"-0.222633347345279";"-0.0798292882703928";"0.954610244677762";"472"
"379";"max";"-1.67544899780025";"-1.82897495202271";"0.954425860832102";"473"
"380";"lineart";"-1.64333859750514";"-1.81773749462054";"0.954425860832102";"474"
"381";"university";"-0.388462043011485";"0.0164708722348853";"0.954103189102196";"476"
"382";"colourful";"-0.362478443521604";"0.0592730459484921";"0.954103189102196";"477"
"383";"state";"-0.321653679057145";"0.0729899611548884";"0.954103189102196";"478"
"384";"grand";"-0.332322535248231";"0.0222389932847129";"0.953089077951065";"479"
"385";"dreamlike";"-0.426521734723344";"-0.0876151300062464";"0.953071517584811";"480"
"386";"loish";"0.378081229396936";"0.0123464380816633";"0.952988105845108";"481"
"387";"cinema";"-0.258077767119641";"0.0816388838309359";"0.952988105845108";"482"
"388";"communist";"-0.236574855122046";"-0.200731179494";"0.952698359801927";"483"
"389";"zelensky";"-0.236574855122046";"-0.200731179494";"0.952698359801927";"484"
"390";"unify";"-0.236574855122046";"-0.200731179494";"0.952698359801927";"485"
"391";"ultrarrealistic";"-0.236574855122046";"-0.200731179494";"0.952698359801927";"486"
"392";"put";"-0.236574855122046";"-0.200731179494";"0.952698359801927";"487"
"393";"pustoviyt";"-0.236574855122046";"-0.200731179494";"0.952698359801927";"488"
"394";"propaganda";"-0.236574855122046";"-0.200731179494";"0.952698359801927";"489"
"395";"otto";"-0.236574855122046";"-0.200731179494";"0.952698359801927";"490"
"396";"norway";"-0.236574855122046";"-0.200731179494";"0.952698359801927";"491"
"397";"havrylo";"-0.236574855122046";"-0.200731179494";"0.952698359801927";"492"
"398";"gabriele";"-0.236574855122046";"-0.200731179494";"0.952698359801927";"493"
"399";"deni";"-0.236574855122046";"-0.200731179494";"0.952698359801927";"494"
"400";"dell";"-0.236574855122046";"-0.200731179494";"0.952698359801927";"495"
"401";"block";"-0.236574855122046";"-0.200731179494";"0.952698359801927";"496"
"402";"alert";"-0.236574855122046";"-0.200731179494";"0.952698359801927";"497"
"403";"luxemburg";"-1.91905156090765";"-2.20864069201973";"0.951319871051038";"498"
"404";"gaston";"-0.280481162091996";"-0.0724647893682163";"0.94969334212682";"500"
"405";"bussiere";"-0.280481162091996";"-0.0724647893682163";"0.94969334212682";"501"
"406";"iron";"-0.304296899941866";"0.0319420249103585";"0.948914100874327";"502"
"407";"pain";"-0.389579196332346";"-0.0718791297811542";"0.948617769693801";"503"
"408";"haunt";"-0.385555843053867";"-0.099341423115344";"0.948617769693801";"504"
"409";"daytime";"-0.389579196332346";"-0.0718791297811542";"0.948617769693801";"505"
"410";"lot";"-0.270534973396384";"-0.075508607923981";"0.948180955583249";"506"
"411";"lithuania";"-0.372843049140256";"0.0488782598284184";"0.947206355256187";"507"
"412";"wholesome";"-0.372843049140256";"0.0488782598284184";"0.947206355256187";"508"
"413";"postprocessing";"-0.372843049140256";"0.0488782598284184";"0.947206355256187";"509"
"414";"lyria";"-0.372843049140256";"0.0488782598284184";"0.947206355256187";"510"
"415";"district";"-0.372843049140256";"0.0488782598284184";"0.947206355256187";"511"
"416";"ariel";"-0.372843049140256";"0.0488782598284184";"0.947206355256187";"512"
"417";"bavarian";"-0.2799431492568";"-0.000909929088246979";"0.945333981204422";"514"
"418";"tree";"-0.250552797261187";"-0.0568917339135498";"0.945250569464718";"515"
"419";"lviv";"-0.265371826356595";"0.0256574601068849";"0.944820340491511";"516"
"420";"raphael";"-0.258918895885041";"-0.0834387854260496";"0.94374257301271";"518"
"421";"dome";"-0.251340108959777";"-0.109583749926322";"0.942879920020514";"519"
"422";"illustrate";"-0.276049372910561";"-0.0954046576188212";"0.942879920020514";"520"
"423";"rubinkowski";"-0.436469920237085";"-0.102393120050188";"0.942069948127077";"521"
"424";"nazi";"-0.436469920237085";"-0.102393120050188";"0.942069948127077";"522"
"425";"nag";"-0.436469920237085";"-0.102393120050188";"0.942069948127077";"523"
"426";"marcin";"-0.436469920237085";"-0.102393120050188";"0.942069948127077";"524"
"427";"halle";"-0.436469920237085";"-0.102393120050188";"0.942069948127077";"525"
"428";"grotesque";"-0.436469920237085";"-0.102393120050188";"0.942069948127077";"526"
"429";"girod";"-0.436469920237085";"-0.102393120050188";"0.942069948127077";"527"
"430";"ayan";"-0.436469920237085";"-0.102393120050188";"0.942069948127077";"528"
"431";"adrien";"-0.436469920237085";"-0.102393120050188";"0.942069948127077";"529"
"432";"detail";"-0.39589355702525";"-0.0165912898588867";"0.941330217698654";"530"
"433";"boat";"-0.301012540134826";"-0.0974503710580406";"0.941240220821606";"531"
"434";"rainbow";"-0.181899534320991";"-0.0871346353759702";"0.940910963954355";"532"
"435";"lantern";"-0.181899534320991";"-0.0871346353759702";"0.940910963954355";"533"
"436";"symmetrical";"-0.287178177314824";"-0.0240700885618195";"0.940388543058317";"536"
"437";"cozy";"-0.252483937938757";"-0.0891867430782801";"0.940114162335609";"538"
"438";"cliff";"-0.251578201035293";"0.0855934684623183";"0.939398577410784";"539"
"439";"horse";"3.56655000488029";"-0.44465346589877";"0.937521813267455";"541"
"440";"tulip";"3.56655000488029";"-0.44465346589877";"0.937521813267455";"542"
"441";"hobbit";"3.56655000488029";"-0.44465346589877";"0.937521813267455";"543"
"442";"botanical";"3.56655000488029";"-0.44465346589877";"0.937521813267455";"544"
"443";"settlement";"-0.264773780492605";"0.136778492375409";"0.937019147783453";"545"
"444";"brown";"-0.227659763024981";"-0.0659410453081096";"0.934095346802267";"547"
"445";"gouache";"-0.629224159946614";"-0.579914766739099";"0.931942006890448";"549"
"446";"farm";"0.189273309794968";"-0.168824203072898";"0.931942006890448";"550"
"447";"london";"-0.22039564320221";"-0.0556367405609648";"0.931384465261904";"551"
"448";"ivan";"-0.283904353467477";"-0.0315651256506333";"0.931167155729518";"552"
"449";"european";"-0.29645726540478";"0.466567138993402";"0.930271577050597";"553"
"450";"beeple";"-0.377689167177224";"-0.0365280337402445";"0.930010366602578";"554"
"451";"vector";"-0.22690476398259";"-0.167728921031842";"0.929602088087187";"555"
"452";"ring";"-0.358626635362816";"-0.0671260081891944";"0.928877722979236";"556"
"453";"psychedelic";"-1.45799283797868";"-1.57056423222073";"0.928583586844492";"557"
"454";"grey";"-0.239099820200979";"-0.0606426477911444";"0.928471639509627";"558"
"455";"fae";"-0.239099820200979";"-0.0606426477911444";"0.928471639509627";"559"
"456";"levitan";"-0.239099820200979";"-0.0606426477911444";"0.928471639509627";"560"
"457";"pond";"-0.239099820200979";"-0.0606426477911444";"0.928471639509627";"561"
"458";"explosion";"-0.239099820200979";"-0.0606426477911444";"0.928471639509627";"562"
"459";"pub";"-0.239099820200979";"-0.0606426477911444";"0.928471639509627";"563"
"460";"portsmouth";"-0.239099820200979";"-0.0606426477911444";"0.928471639509627";"564"
"461";"hampshire";"-0.239099820200979";"-0.0606426477911444";"0.928471639509627";"565"
"462";"dimly";"-0.239099820200979";"-0.0606426477911444";"0.928471639509627";"566"
"463";"cumulonimbus";"-0.239099820200979";"-0.0606426477911444";"0.928471639509627";"567"
"464";"time";"-0.354800956525722";"0.435826615905565";"0.927850441553414";"568"
"465";"realism";"-0.274757522454982";"-0.0355298188010917";"0.925890265670382";"569"
"466";"greg";"0.0196175167388921";"-0.0530978955415171";"0.925297603309331";"570"
"467";"baroque";"-0.27327158427868";"-0.00578106392913527";"0.925196631203374";"571"
"468";"god";"-0.236214730299816";"0.0312756107885957";"0.925196631203374";"572"
"469";"church";"-0.288171711906188";"0.0328936308690194";"0.92492883561801";"573"
"470";"award";"-0.762604234193921";"-0.58283014989109";"0.924755427001258";"574"
"471";"bright";"-0.266490502172624";"-0.00137638077118332";"0.923640343744169";"575"
"472";"romantic";"-0.311174895028112";"0.0446858296848001";"0.923539371638213";"576"
"473";"bell";"-0.276012701078192";"-0.0721954347736412";"0.923131093122822";"577"
"474";"dusk";"-0.184589309602024";"-0.0729766120252191";"0.922580136631622";"578"
"475";"fly";"-0.285271067412708";"0.037367132049638";"0.922303560863132";"579"
"476";"pixiv";"-0.272628050538057";"-0.0651512214837963";"0.921278474483092";"580"
"477";"win";"-0.752958672887908";"-0.569522167228899";"0.920975558165221";"581"
"478";"tag";"-0.207564581703679";"-0.101724404107527";"0.920663861664224";"582"
"479";"rolex";"-0.207564581703679";"-0.101724404107527";"0.920663861664224";"583"
"480";"omega";"-0.207564581703679";"-0.101724404107527";"0.920663861664224";"584"
"481";"jewel";"-0.207564581703679";"-0.101724404107527";"0.920663861664224";"585"
"482";"jacob";"-0.207564581703679";"-0.101724404107527";"0.920663861664224";"586"
"483";"heur";"-0.207564581703679";"-0.101724404107527";"0.920663861664224";"587"
"484";"breitling";"-0.207564581703679";"-0.101724404107527";"0.920663861664224";"588"
"485";"chiaroscuro";"-0.364499300310451";"-0.0700063827828194";"0.920139245722405";"590"
"486";"caravaggio";"-0.370679886891717";"-0.08847629596384";"0.920139245722405";"591"
"487";"eternal";"-0.202016300713386";"0.0501768312949787";"0.918686125414939";"592"
"488";"extreme";"-0.294336041885131";"0.0776387614649566";"0.917333977213429";"593"
"489";"fog";"-0.261588008464658";"0.085983655819418";"0.917316416847176";"594"
"490";"dieselpunk";"-0.181899534320991";"-0.0871346353759684";"0.916434008442944";"595"
"491";"spring";"0.52002748519037";"-0.188013382449941";"0.916161822766017";"600"
"492";"gorgeous";"-0.24375906247233";"0.0513705469853643";"0.916065240751624";"601"
"493";"godrays";"-0.308307273378051";"-0.103057081256863";"0.915152101706449";"602"
"494";"tall";"-0.298282594448759";"0.00681017174820815";"0.914346519904575";"603"
"495";"17th";"-0.264773780492605";"0.136778492375409";"0.913191925823417";"604"
"496";"cityscape";"-0.256108469918477";"-0.036918322434094";"0.913060223076516";"605"
"497";"distort";"-1.91905156090765";"-2.20864069201974";"0.912046111925384";"606"
"498";"blood";"-1.91905156090765";"-2.20864069201974";"0.912046111925384";"607"
"499";"anarchy";"-1.91905156090765";"-2.20864069201974";"0.912046111925384";"608"
"500";"style";"-0.316296351337857";"0.598643475583841";"0.911457839655897";"609"
"501";"professional";"-0.295864786589254";"0.700137813760921";"0.911135167925991";"610"
"502";"vfx";"-0.261775792532708";"-0.122953896461957";"0.911117607559738";"611"
"503";"nekro";"-0.261775792532708";"-0.122953896461957";"0.911117607559738";"612"
"504";"afterlife";"-0.270239253749035";"-0.090981598334707";"0.910862982249064";"613"
"505";"foggy";"-0.207423576421208";"0.0639063025056053";"0.910711524090129";"614"
"506";"starry";"-0.393538700639931";"0.0324855646753589";"0.910226418972379";"615"
"507";"unite";"-0.257686146603284";"-0.125335337013303";"0.909965208524361";"617"
"508";"lit";"-0.268350386420613";"-0.072546871977464";"0.909444982674105";"618"
"509";"lamp";"-0.268350386420613";"-0.072546871977464";"0.909444982674105";"619"
"510";"surreal";"-1.2897748525103";"-1.36418909311738";"0.909229868187501";"621"
"511";"wu";"-1.31899788086129";"-1.3693990377987";"0.909229868187501";"622"
"512";"mumford";"-0.296934328892496";"-0.0292363893655532";"0.90888744104556";"623"
"513";"dan";"-0.296934328892496";"-0.0292363893655532";"0.90888744104556";"624"
"514";"shop";"-0.257493426230172";"0.0346596102520169";"0.908549403995183";"626"
"515";"photorealism";"-0.269493898817915";"0.0713572089938811";"0.908430871522973";"627"
"516";"capital";"-0.289022712966171";"0.107831909235503";"0.908312339050762";"628"
"517";"foreground";"-0.252538780073454";"0.0615442604047983";"0.908101614655722";"629"
"518";"build";"-0.255962121748884";"0.00427522401810795";"0.90799405741242";"630"
"519";"lens";"-0.292643535409771";"-0.0212954123101717";"0.907469441470601";"631"
"520";"skyline";"-0.36177480265227";"-0.0174354940696692";"0.907278472487596";"632"
"521";"cracow";"-0.301271944875567";"0.0262501614652064";"0.906670444806073";"633"
"522";"saturation";"-0.301271944875567";"0.0262501614652064";"0.906670444806073";"634"
"523";"large";"-0.161641037581577";"0.303562195659477";"0.906459720411032";"636"
"524";"medium";"-0.345076234988369";"0.00592022075582483";"0.905845107592165";"637"
"525";"spire";"-0.278205244577197";"-0.00674401883543792";"0.905772671081369";"638"
"526";"bloom";"-0.313456635101823";"0.0268417554003403";"0.903744448779106";"640"
"527";"rural";"-0.29963158552874";"0.0494347904569444";"0.903744448779106";"641"
"528";"square";"-0.313807631133567";"0.0408649981482404";"0.902247427556006";"642"
"529";"port";"-0.263611697081169";"0.0914009434030586";"0.902126700038014";"643"
"530";"street";"-0.572104018518944";"-0.434365209059116";"0.902124504992233";"644"
"531";"stew";"3.56655000488029";"-0.44465346589877";"0.901705251247933";"646"
"532";"precious";"3.56655000488029";"-0.44465346589877";"0.901705251247933";"647"
"533";"head";"3.56655000488029";"-0.44465346589877";"0.901705251247933";"650"
"534";"crowd";"-0.268557059109658";"0.0394212571958986";"0.900469440472853";"651"
"535";"festival";"0.00296639785779513";"-0.124645331094369";"0.900407979190966";"652"
"536";"canvas";"-0.307829843605597";"-0.0071783359487027";"0.89886266696067";"654"
"537";"depth";"-0.317292239534875";"0.0160353698027926";"0.898410487529646";"655"
"538";"depict";"-0.296073600817968";"0.009925104578754";"0.898381951934484";"656"
"539";"heart";"-0.33850199847065";"0.00738202379971721";"0.898381951934484";"657"
"540";"clock";"-0.264361084106376";"0.0191659787627417";"0.898351221293541";"658"
"541";"rhads";"-0.294232736871575";"-0.00117949710315472";"0.898351221293541";"659"
"542";"mediterranean";"-0.222904220945713";"-0.0872321409874344";"0.897951722961276";"660"
"543";"confluence";"-0.318908414117363";"0.0293370525696985";"0.897582955269956";"662"
"544";"ambiance";"-0.318908414117363";"0.0293370525696985";"0.897582955269956";"663"
"545";"fish";"-0.251678599675614";"-0.0550565315330966";"0.895914720475886";"664"
"546";"float";"-0.327169124601736";"-0.0665267253702441";"0.895765457362732";"665"
"547";"trace";"-0.264532071788865";"0.0125354110788383";"0.89542083517501";"666"
"548";"field";"0.232058974664041";"-0.0442428367584282";"0.894891829141627";"667"
"549";"rust";"-0.297950954117713";"-0.0416241614495585";"0.894876463821156";"668"
"550";"paick";"-0.336914991919039";"-0.0485707543579852";"0.894876463821156";"669"
"551";"eerie";"-0.31887011404412";"-0.012756941089415";"0.894876463821156";"670"
"552";"moonlight";"-0.31887011404412";"-0.012756941089415";"0.894876463821156";"671"
"553";"jungle";"-0.336914991919039";"-0.0485707543579852";"0.894876463821156";"672"
"554";"international";"-0.297950954117713";"-0.0416241614495585";"0.894876463821156";"673"
"555";"ilsted";"-0.383090914634321";"-0.0352318558937498";"0.894876463821156";"674"
"556";"dim";"-0.297950954117713";"-0.0416241614495585";"0.894876463821156";"676"
"557";"decorate";"-0.337618860895584";"-0.0247323750716221";"0.894876463821156";"677"
"558";"concrete";"-0.310312127280244";"-0.0785639878115996";"0.894876463821156";"678"
"559";"christmas";"-0.317870784724154";"-0.0993344040352036";"0.894876463821156";"679"
"560";"tooth";"-1.19488881640042";"-1.21166838567718";"0.894200389720401";"681"
"561";"establish";"-0.202016300713386";"0.0501768312949793";"0.89379211120501";"682"
"562";"wonderful";"-0.202016300713386";"0.0501768312949793";"0.89379211120501";"683"
"563";"kitezh";"-0.202016300713386";"0.0501768312949793";"0.89379211120501";"684"
"564";"hyperborea";"-0.202016300713386";"0.0501768312949793";"0.89379211120501";"685"
"565";"cream";"-0.202016300713386";"0.0501768312949793";"0.89379211120501";"686"
"566";"balcony";"-0.202016300713386";"0.0501768312949793";"0.89379211120501";"687"
"567";"pennington";"-1.39196266401145";"-1.49959975598671";"0.893414563330563";"688"
"568";"bruce";"-1.39196266401145";"-1.49959975598671";"0.893414563330563";"689"
"569";"stålenhag";"-0.276322898795076";"-0.075941766971657";"0.893162133065671";"690"
"570";"photorealistic";"-0.448059427786367";"-0.0839262236054133";"0.893137987562072";"691"
"571";"dragon";"-0.311247458887569";"0.48853870617078";"0.89252995988055";"693"
"572";"front";"0.371245134940777";"-0.0128021633480764";"0.892354356218016";"694"
"573";"stefan";"-0.181899534320991";"-0.0871346353759688";"0.891989978618259";"695"
"574";"jar";"-0.181899534320991";"-0.0871346353759688";"0.891989978618259";"696"
"575";"terrace";"-0.181899534320991";"-0.0871346353759688";"0.891989978618259";"697"
"576";"tank";"-0.181899534320991";"-0.0871346353759688";"0.891989978618259";"698"
"577";"koidl";"-0.181899534320991";"-0.0871346353759688";"0.891989978618259";"699"
"578";"season";"-0.235667712905818";"-0.0763032855631949";"0.89195266283997";"704"
"579";"busy";"-0.275957870308231";"-0.0910412253766417";"0.891704622666641";"705"
"580";"close";"0.141086706164209";"-0.136732608216204";"0.890576369134863";"706"
"581";"ted";"-0.223206883277725";"-0.013148585325663";"0.889445920557302";"707"
"582";"nasmith";"-0.223206883277725";"-0.013148585325663";"0.889445920557302";"708"
"583";"sun";"-0.248818094057434";"-0.0873474686500641";"0.889445920557302";"709"
"584";"watercolour";"-0.264773780492605";"0.136778492375409";"0.889399824595887";"710"
"585";"period";"-0.264773780492605";"0.136778492375409";"0.889399824595887";"711"
"586";"hohenzollern";"-0.264773780492605";"0.136778492375409";"0.889399824595887";"712"
"587";"floor";"-0.264773780492605";"0.136778492375409";"0.889399824595887";"713"
"588";"enormous";"-0.264773780492605";"0.136778492375409";"0.889399824595887";"714"
"589";"celtic";"-0.264773780492605";"0.136778492375409";"0.889399824595887";"715"
"590";"person";"0.0935697811309049";"0.0802192693905411";"0.889360313771817";"716"
"591";"sculpt";"-0.271649830618423";"-0.0856528819801658";"0.888120112905173";"718"
"592";"instagram";"-0.290891480483438";"-0.119527100393328";"0.888120112905173";"719"
"593";"houdini";"-0.27129789613015";"-0.0975720716233469";"0.888120112905173";"720"
"594";"station";"-0.262917364981367";"0.155089360062228";"0.887929143922168";"721"
"595";"advertisement";"-0.261775792532708";"-0.122953896461956";"0.887740369984944";"722"
"596";"solidity";"-0.261775792532708";"-0.122953896461956";"0.887740369984944";"723"
"597";"finnstark";"-0.261775792532708";"-0.122953896461956";"0.887740369984944";"724"
"598";"eternity";"-0.261775792532708";"-0.122953896461956";"0.887740369984944";"725"
"599";"caribean";"-0.261775792532708";"-0.122953896461956";"0.887740369984944";"726"
"600";"anato";"-0.261775792532708";"-0.122953896461956";"0.887740369984944";"727"
"601";"alsp";"-0.261775792532708";"-0.122953896461956";"0.887740369984944";"728"
"602";"hyperrealistic";"-0.42888234664582";"0.599289619007685";"0.887312336057518";"729"
"603";"canal";"-0.308015337265417";"-0.041352642142238";"0.886965518824014";"730"
"604";"massive";"-0.333246863780936";"0.0885237167063307";"0.886260909128098";"731"
"605";"architectural";"-0.206177511456106";"-0.0637490952569004";"0.885929457215066";"732"
"606";"shiny";"-0.2354005398071";"-0.0689590399382206";"0.885929457215066";"733"
"607";"process";"-0.240634462050309";"0.000339752851584774";"0.885497033196077";"734"
"608";"window";"-0.256289643564754";"-0.0502334713824739";"0.884862664965174";"735"
"609";"soviet";"-0.214704726801624";"-0.155292561846788";"0.884359999481171";"736"
"610";"definition";"-0.324503054830861";"0.0145801959074403";"0.88384635876826";"737"
"611";"wooden";"-1.12355184477514";"-0.446870056961005";"0.882200074432007";"739"
"612";"stun";"-0.264237779506999";"-0.0371855803578784";"0.881833501786468";"740"
"613";"cross";"-0.206786114025738";"-0.0700645704217218";"0.881157427685713";"741"
"614";"background";"0.587216414519284";"0.142094934754952";"0.88110035649539";"742"
"615";"maya";"-0.281523868704138";"-0.0483518674983751";"0.879438706838665";"744"
"616";"sci";"-0.367379826391184";"-0.0244315722871618";"0.877359998483423";"746"
"617";"post";"-0.255505386696734";"0.0601557278380127";"0.877153664179946";"748"
"618";"vladimir";"-0.261518160880192";"0.0755145108618836";"0.87654124640686";"749"
"619";"sand";"-0.754631946316214";"-0.484395640799939";"0.87654124640686";"750"
"620";"water";"-0.0473100246496439";"-0.0854045405548323";"0.875689568643572";"752"
"621";"thomas";"0.205451259847953";"-0.0912174410766086";"0.874818135468248";"753"
"622";"wes";"-0.328315795653138";"0.0471567125553179";"0.87479398996465";"754"
"623";"anderson";"-0.328315795653138";"0.0471567125553179";"0.87479398996465";"755"
"624";"stockholm";"-0.280240818671108";"0.106080938145206";"0.873228922322319";"756"
"625";"bloodborne";"-0.399598652015548";"-0.0358662813217577";"0.872792108211766";"757"
"626";"wood";"-0.163697937992844";"0.0477740624386063";"0.871885554303936";"758"
"627";"vibrante";"-0.318908414117363";"0.0293370525696986";"0.871771411923289";"759"
"628";"noise";"-0.318908414117363";"0.0293370525696986";"0.871771411923289";"760"
"629";"lumen";"-0.318908414117363";"0.0293370525696986";"0.871771411923289";"761"
"630";"liberty";"-0.318908414117363";"0.0293370525696986";"0.871771411923289";"762"
"631";"figurine";"-0.318908414117363";"0.0293370525696986";"0.871771411923289";"763"
"632";"zbrush";"-0.311688400448244";"-0.117079388915737";"0.871747266419691";"764"
"633";"kuvshinov";"-0.247125473883644";"-0.108935252210986";"0.871747266419691";"765"
"634";"ilya";"-0.247125473883644";"-0.108935252210986";"0.871747266419691";"766"
"635";"35mm";"-0.294893899573998";"-0.0982607928271818";"0.871747266419691";"767"
"636";"cathedral";"-0.488901980318053";"-0.313575761480302";"0.871200700020055";"768"
"637";"building";"-0.263670201738196";"0.00985643211768272";"0.870779251229974";"769"
"638";"alien";"-0.209433004610905";"0.0280129354777542";"0.870513650690392";"771"
"639";"strange";"-0.209433004610905";"0.0280129354777542";"0.870513650690392";"772"
"640";"vivid";"-0.511792658603735";"-0.332252233065373";"0.870443409225378";"773"
"641";"game";"-0.323313976368874";"0.232984743866122";"0.870278780791753";"774"
"642";"british";"-0.248754491284796";"-0.0508630589822523";"0.869815626131821";"775"
"643";"3d";"-0.485256849931422";"0.634407801354188";"0.869523685042858";"776"
"644";"cafe";"-0.187032543797529";"-0.0900525891222805";"0.869073700657616";"777"
"645";"tiny";"-0.292150685612078";"-0.0829775392631865";"0.869029799741982";"781"
"646";"waterway";"-0.202016300713386";"0.0501768312949792";"0.868931022681807";"782"
"647";"purple";"-0.202016300713386";"0.0501768312949792";"0.868931022681807";"783"
"648";"ureal";"-0.202016300713386";"0.0501768312949792";"0.868931022681807";"784"
"649";"poke";"-0.202016300713386";"0.0501768312949792";"0.868931022681807";"785"
"650";"hilly";"-0.202016300713386";"0.0501768312949792";"0.868931022681807";"786"
"651";"higer";"-0.202016300713386";"0.0501768312949792";"0.868931022681807";"787"
"652";"bologna";"-0.202016300713386";"0.0501768312949792";"0.868931022681807";"788"
"653";"man";"-0.256894467626595";"0.00911104124238775";"0.867914716484894";"789"
"654";"overgrow";"-1.13248492086376";"-1.14808267492078";"0.867693016860945";"790"
"655";"sheet";"-1.13248492086376";"-1.14808267492078";"0.867693016860945";"791"
"656";"cole";"-0.304577389365199";"-0.0618591667953705";"0.867693016860945";"792"
"657";"national";"-0.268376635214265";"0.0327914857981311";"0.867693016860945";"793"
"658";"highlight";"-0.275354361014205";"-0.0566492221140505";"0.867693016860945";"794"
"659";"finely";"-0.362331625730959";"-0.0441475613162633";"0.867693016860945";"795"
"660";"brutalist";"-0.28323817063853";"-0.0463787830349548";"0.867693016860945";"796"
"661";"steam";"-0.181899534320991";"-0.0871346353759696";"0.86758106952608";"797"
"662";"tardis";"-0.181899534320991";"-0.0871346353759696";"0.86758106952608";"799"
"663";"surprise";"-0.181899534320991";"-0.0871346353759696";"0.86758106952608";"800"
"664";"reapper";"-0.181899534320991";"-0.0871346353759696";"0.86758106952608";"801"
"665";"petroleum";"-0.181899534320991";"-0.0871346353759696";"0.86758106952608";"802"
"666";"hiroshi";"-0.181899534320991";"-0.0871346353759696";"0.86758106952608";"803"
"667";"gondola";"-0.181899534320991";"-0.0871346353759696";"0.86758106952608";"804"
"668";"eu";"-0.181899534320991";"-0.0871346353759696";"0.86758106952608";"805"
"669";"discover";"-0.181899534320991";"-0.0871346353759696";"0.86758106952608";"806"
"670";"catedral";"-0.181899534320991";"-0.0871346353759696";"0.86758106952608";"807"
"671";"amstel";"-0.181899534320991";"-0.0871346353759696";"0.86758106952608";"808"
"672";"retrofuture";"-0.600891834133082";"6.9118079290819";"0.86758106952608";"819"
"673";"meier";"-0.600891834133082";"6.9118079290819";"0.86758106952608";"824"
"674";"incredibly";"-0.600891834133082";"6.9118079290819";"0.86758106952608";"826"
"675";"hospitable";"-0.600891834133082";"6.9118079290819";"0.86758106952608";"827"
"676";"habitable";"-0.600891834133082";"6.9118079290819";"0.86758106952608";"828"
"677";"erase";"-0.600891834133082";"6.9118079290819";"0.86758106952608";"830"
"678";"equator";"-0.600891834133082";"6.9118079290819";"0.86758106952608";"831"
"679";"coastline";"-0.600891834133082";"6.9118079290819";"0.86758106952608";"832"
"680";"churn";"-0.600891834133082";"6.9118079290819";"0.86758106952608";"833"
"681";"biomes";"-0.600891834133082";"6.9118079290819";"0.86758106952608";"834"
"682";"viktor";"-0.215942783518984";"-0.0981624185446684";"0.867315468986497";"836"
"683";"edge";"-0.250674317807326";"-0.0319763435592952";"0.867315468986497";"837"
"684";"end";"-0.298607926508079";"0.0696275924968401";"0.867203521651632";"838"
"685";"gate";"-0.29038849304069";"0.0263358362571156";"0.867203521651632";"839"
"686";"rock";"-0.248198931258282";"0.0919958668251331";"0.866999382393937";"840"
"687";"sketch";"-0.264174182900626";"0.0848320146079358";"0.866999382393937";"841"
"688";"marco";"-0.300907870478808";"-0.0844923675770842";"0.865673574741808";"843"
"689";"width";"-0.264773780492605";"0.136778492375409";"0.865638454009301";"844"
"690";"nature";"-0.264773780492605";"0.136778492375409";"0.865638454009301";"845"
"691";"warm";"-0.305622055192177";"0.330785916794568";"0.865241150722819";"846"
"692";"silver";"-0.262906061350158";"-0.0960445055932471";"0.865131398433735";"847"
"693";"amaze";"-0.218497864930094";"0.000923729478924038";"0.864729705055689";"848"
"694";"aqueduct";"-0.261775792532708";"-0.122953896461956";"0.864396058096875";"849"
"695";"worth1000";"-0.261775792532708";"-0.122953896461956";"0.864396058096875";"850"
"696";"worksite";"-0.261775792532708";"-0.122953896461956";"0.864396058096875";"851"
"697";"vasnev";"-0.261775792532708";"-0.122953896461956";"0.864396058096875";"852"
"698";"turini";"-0.261775792532708";"-0.122953896461956";"0.864396058096875";"853"
"699";"sergey";"-0.261775792532708";"-0.122953896461956";"0.864396058096875";"854"
"700";"sail";"-0.261775792532708";"-0.122953896461956";"0.864396058096875";"855"
"701";"roundabout";"-0.261775792532708";"-0.122953896461956";"0.864396058096875";"856"
"702";"luxury";"-0.261775792532708";"-0.122953896461956";"0.864396058096875";"857"
"703";"fishpond";"-0.261775792532708";"-0.122953896461956";"0.864396058096875";"858"
"704";"doré";"-0.261775792532708";"-0.122953896461956";"0.864396058096875";"859"
"705";"delville";"-0.261775792532708";"-0.122953896461956";"0.864396058096875";"860"
"706";"clown";"-0.261775792532708";"-0.122953896461956";"0.864396058096875";"861"
"707";"movie";"-0.277655466483275";"0.0357545517132177";"0.86352242987577";"862"
"708";"path";"-0.339162941081676";"-0.0838183869632496";"0.862001263149073";"871"
"709";"giger";"-0.345257650445436";"-0.0361321643696569";"0.862001263149073";"872"
"710";"artwork";"-0.629362089736918";"-0.785683794589333";"0.861944191958749";"873"
"711";"touch";"-0.281997586461449";"-0.117528033053193";"0.861937606821404";"874"
"712";"george";"-0.225055336985826";"-0.117095175897673";"0.861937606821404";"875"
"713";"desaturated";"-0.225055336985826";"-0.117095175897673";"0.861937606821404";"876"
"714";"clothe";"-0.218349748188361";"-0.162865664787989";"0.861937606821404";"877"
"715";"battista";"-0.27302266368799";"-0.162995672269942";"0.861937606821404";"878"
"716";"astrophotography";"-0.264019374787152";"-0.1240417688061";"0.861937606821404";"879"
"717";"skyscraper";"-0.260606799733225";"-0.037122200085848";"0.860102548547927";"880"
"718";"hour";"-0.315900799664633";"0.0493111169839388";"0.859498910957968";"881"
"719";"hodas";"-0.354864837465958";"0.042364524075512";"0.859498910957968";"882"
"720";"filip";"-0.354864837465958";"0.042364524075512";"0.859498910957968";"883"
"721";"tarot";"-0.401040760181241";"0.0557034225397475";"0.859498910957968";"884"
"722";"shock";"-0.335820630271073";"-0.00839912560170634";"0.859498910957968";"885"
"723";"flash";"-0.363868126366796";"0.00341062061166996";"0.859498910957968";"886"
"724";"darrow";"-0.336819959591039";"0.0781783373440821";"0.859498910957968";"887"
"725";"card";"-0.401040760181241";"0.0557034225397475";"0.859498910957968";"888"
"726";"moscow";"-0.438063556909711";"-0.213980984774294";"0.858144567710677";"889"
"727";"resolution";"-0.317395092704124";"0.17202943196006";"0.85812261725286";"890"
"728";"computer";"-0.379237873655592";"-0.0226692492416555";"0.85721606334503";"891"
"729";"monster";"-0.397282751530511";"-0.0584830625102257";"0.85721606334503";"892"
"730";"wayne";"-0.370679886891716";"-0.08847629596384";"0.85721606334503";"893"
"731";"reichstag";"-0.378238544335626";"-0.109246712187444";"0.85721606334503";"894"
"732";"motherboard";"-0.379237873655592";"-0.0226692492416555";"0.85721606334503";"895"
"733";"haeckel";"-0.930663800460607";"-0.804475644040037";"0.85721606334503";"896"
"734";"circuit";"-0.397282751530511";"-0.0584830625102257";"0.85721606334503";"897"
"735";"central";"-0.406286040431349";"-0.0974369659740672";"0.85721606334503";"898"
"736";"marble";"-0.246919123990874";"0.0560938034689881";"0.856704617677901";"899"
"737";"eye";"-0.279004117159171";"-0.0156527976107232";"0.855203206363238";"900"
"738";"face";"-0.211666712028284";"0.0310471070196338";"0.855203206363238";"901"
"739";"model";"-0.256521238348048";"-0.0231455559584864";"0.855203206363238";"902"
"740";"metropolis";"-0.240980338514712";"0.0432302383865524";"0.855056138295866";"903"
"741";"tom";"-0.245547372594079";"-0.0417970036411738";"0.853857643299074";"904"
"742";"bagshaw";"-0.245547372594079";"-0.0417970036411738";"0.853857643299074";"905"
"743";"grind";"-0.285292131661215";"0.0388457281478652";"0.853420829188522";"911"
"744";"ominous";"-0.285823055607071";"0.0179575923561321";"0.852812801506999";"912"
"745";"atmospheric";"-0.340881060281268";"0.0417655533853014";"0.852294770702524";"913"
"746";"rococo";"-0.259995122450685";"0.0605862375414225";"0.852130142268899";"914"
"747";"imagery";"-0.296384516127723";"0.0822523035003476";"0.852130142268899";"915"
"748";"knight";"-0.357855899494504";"0.0118099071180805";"0.851774544852268";"917"
"749";"rozalski";"-0.280656731389191";"0.00227460674623873";"0.851407972206729";"918"
"750";"jakub";"-0.280656731389191";"0.00227460674623873";"0.851407972206729";"919"
"751";"beautifully";"-0.259577092755983";"-0.00490376435174368";"0.851407972206729";"920"
"752";"steel";"-0.266993796653501";"-0.0270676601689683";"0.851407972206729";"921"
"753";"demon";"-0.27038714727254";"-0.0766938493203828";"0.851407972206729";"922"
"754";"winter";"-0.265702684839774";"-0.0306494143375301";"0.851175297353872";"923"
"755";"breathtaking";"-0.246658477644889";"-0.0814130640147487";"0.851175297353872";"924"
"756";"dungeon";"-0.79908373376987";"-0.776641995867342";"0.851175297353872";"925"
"757";"happy";"-0.220033058240983";"-0.0694733103194199";"0.851175297353872";"926"
"758";"even";"-0.265702684839774";"-0.0306494143375301";"0.851175297353872";"927"
"759";"beer";"1.02945012149278";"-0.188646253827019";"0.851175297353872";"928"
"760";"palace";"-0.298798211401891";"-0.065676511031832";"0.851026034240719";"929"
"761";"sunrise";"-0.280931565180217";"-0.0906719791005063";"0.851026034240719";"930"
"762";"lovecraft";"-0.280819999727593";"-0.0721902467847383";"0.851026034240719";"931"
"763";"greek";"-0.305374755711174";"0.0561974125211263";"0.849252437249129";"932"
"764";"nouveau";"-0.273427802362888";"-0.0441546139595766";"0.848969276343293";"933"
"765";"white";"0.157337217658002";"0.563731887719276";"0.848550022598994";"934"
"766";"oil";"0.160843808478316";"-0.0499570523501623";"0.848381004073805";"935"
"767";"clean";"-0.19900956590945";"-0.0968611478636746";"0.847709320064614";"937"
"768";"rossier";"-0.24467919250824";"-0.058037251881785";"0.847709320064614";"938"
"769";"jessica";"-0.24467919250824";"-0.058037251881785";"0.847709320064614";"939"
"770";"silhouette";"-0.264246730159141";"0.00934295393642229";"0.847123242840908";"940"
"771";"magnificent";"-0.216956173668217";"0.00689414935574518";"0.847123242840908";"941"
"772";"overlook";"-0.211287180585285";"0.0224719615234483";"0.847123242840908";"942"
"773";"georgian";"-0.216956173668217";"0.00689414935574518";"0.847123242840908";"943"
"774";"statue";"-0.274109439728172";"0.022437032153944";"0.846229859207768";"944"
"775";"site";"-0.249159155364844";"-0.0936406460667891";"0.846109131689776";"945"
"776";"neoclassical";"-0.18692872591909";"-0.0528067687082322";"0.846109131689776";"946"
"777";"guard";"-0.202618095863895";"-0.0311563534381258";"0.846109131689776";"947"
"778";"calm";"-0.307697815428725";"0.0769855892690101";"0.844653816336528";"950"
"779";"galaxy";"-0.312939380935257";"0.119922306272158";"0.844653816336528";"951"
"780";"scheme";"-0.50135785211688";"-0.313978734958833";"0.844067739112822";"952"
"781";"feature";"-0.232549889957799";"0.0066354047852163";"0.844067739112822";"953"
"782";"istanbul";"-0.2828114146045";"-0.114096586801924";"0.843720921879318";"954"
"783";"construction";"-0.246835919577878";"-0.0796712145227224";"0.843720921879318";"955"
"784";"pastel";"-0.228566457789614";"-0.102982043871041";"0.842994361725585";"958"
"785";"logo";"-0.214266386319617";"-0.109605040767247";"0.842994361725585";"959"
"786";"giovanni";"-0.264541952816237";"-0.137407416150243";"0.842994361725585";"960"
"787";"futuristic";"-0.309804348694434";"-0.0446423370882943";"0.842597058439103";"961"
"788";"fight";"-0.302022781280975";"-0.0582444292636729";"0.842096588000882";"962"
"789";"magic";"-0.314039738733622";"0.649640167179187";"0.841931959567257";"963"
"790";"century";"-0.268395070073077";"0.534895539332301";"0.841692699577055";"964"
"791";"fortress";"-0.34587573162881";"0.0391076561990586";"0.841165888589454";"966"
"792";"insanely";"-0.317053148085563";"-0.0877116306087931";"0.840636882556071";"967"
"793";"albert";"-0.25521838426746";"-0.10178206894679";"0.840568836136839";"968"
"794";"cyberpunk";"-0.666874631264908";"-0.459088619113394";"0.840481034305572";"969"
"795";"mcquarrie";"-1.17776074057237";"-1.15551690603496";"0.839455947925532";"971"
"796";"lovecraftian";"-0.357737018698128";"-0.0590229588304552";"0.839455947925532";"972"
"797";"inside";"-0.295933743940819";"-0.0278896167017537";"0.838790849053686";"974"
"798";"palm";"-0.301584987826593";"-0.0151573724787117";"0.838678901718821";"975"
"799";"robot";"-0.303029841089473";"0.0418249185540556";"0.837888685237419";"976"
"800";"mm";"-0.27290198289649";"0.0890995594665207";"0.837313583242622";"977"
"801";"shade";"-0.365933016565252";"-0.0233550164782561";"0.835812171927959";"978"
"802";"illumination";"-0.275544919374812";"-0.011953225091604";"0.835812171927959";"980"
"803";"aesthetic";"-0.272151568755773";"0.0376729640598106";"0.835812171927959";"982"
"804";"lose";"-0.347036289132459";"0.0516434192200577";"0.835812171927959";"983"
"805";"artistic";"-0.306727281363207";"-0.0776268092676033";"0.835491695243835";"984"
"806";"isaac";"-0.223332200952329";"-0.0811835259493355";"0.834929763523727";"986"
"807";"hildebrandt";"-0.308394493689102";"-0.0485853407656944";"0.834929763523727";"987"
"808";"main";"-0.210499677260985";"-0.0738886415835567";"0.834929763523727";"988"
"809";"colonial";"-0.216849708508423";"0.00584903966052944";"0.834111011447164";"989"
"810";"strong";"-0.297921787485532";"0.0760571179383617";"0.833689562657083";"992"
"811";"historical";"-0.225276561922609";"-0.0710041500040334";"0.833303234599509";"993"
"812";"minimal";"-0.25645530617996";"-0.038548743415368";"0.83233302436401";"997"
"813";"urban";"-0.309939935166453";"0.0674558819291474";"0.832142055381005";"999"
"814";"isometric";"-0.28125284216381";"0.0797142178327002";"0.832142055381005";"1000"
"815";"portra";"-0.263574585308646";"0.0328855368404624";"0.832142055381005";"1002"
"816";"kodak";"-0.263574585308646";"0.0328855368404624";"0.832142055381005";"1003"
"817";"diffuse";"-0.290754764890882";"0.105973211276722";"0.832142055381005";"1004"
"818";"environment";"-0.268289754554187";"0.0265246274055879";"0.831698656133108";"1005"
"819";"lisbon";"-0.469339726512749";"-0.275524479778994";"0.831472566417595";"1006"
"820";"ratio";"-0.25220041058423";"-0.126047103334203";"0.831397934861019";"1007"
"821";"texture";"-0.265360596382616";"-0.046742526227424";"0.830436504808647";"1009"
"822";"panoramic";"-0.301667500709381";"-0.0417587842116442";"0.83020382995579";"1010"
"823";"mystical";"-0.332253041206438";"-0.0627831081297758";"0.828836316433809";"1012"
"824";"nighttime";"-0.303214452420385";"-0.0330150450603124";"0.828836316433809";"1014"
"825";"daylight";"-0.299864206922478";"-0.0214265971075199";"0.826002512329672";"1018"
"826";"air";"-0.358095582823937";"-0.0145730049702634";"0.826002512329672";"1019"
"827";"dishonor";"-0.279944376316038";"0.0362836454781252";"0.826002512329672";"1020"
"828";"element";"-0.292305549478569";"-0.000656180883915847";"0.826002512329672";"1021"
"829";"courbet";"-0.300863536242444";"0.0651508658382688";"0.826002512329672";"1022"
"830";"staircase";"-0.327911703018201";"-0.00961685089414333";"0.826002512329672";"1023"
"831";"set";"-0.292305549478569";"-0.000656180883915847";"0.826002512329672";"1024"
"832";"radiant";"-0.273238787518573";"-0.00948684341219082";"0.826002512329672";"1025"
"833";"poland";"-0.299864206922478";"-0.0214265971075199";"0.826002512329672";"1026"
"834";"overhead";"-0.292305549478569";"-0.000656180883915847";"0.826002512329672";"1027"
"835";"joy";"-0.300863536242444";"0.0651508658382688";"0.826002512329672";"1028"
"836";"illuminate";"-0.292305549478569";"-0.000656180883915847";"0.826002512329672";"1029"
"837";"cartoony";"-0.300863536242444";"0.0651508658382688";"0.826002512329672";"1030"
"838";"andrew";"-0.852289463047459";"-0.716655528960113";"0.826002512329672";"1031"
"839";"dynamic";"-0.292925397865082";"0.0162689032906543";"0.82597397673451";"1032"
"840";"range";"-0.246919123990874";"0.0560938034689878";"0.825499846845669";"1033"
"841";"courtyard";"-0.205270627219142";"-0.0244487788881597";"0.825499846845669";"1034"
"842";"rainy";"-0.297771903555388";"-0.00274658612289464";"0.825223271077179";"1035"
"843";"russian";"-0.241684207491257";"0.0670686176729152";"0.824742556050993";"1037"
"844";"heartstone";"-0.222935460639793";"0.0790440516551224";"0.824742556050993";"1038"
"845";"whelan";"-0.241684207491257";"0.0670686176729152";"0.824742556050993";"1039"
"846";"grimdark";"-0.241684207491257";"0.0670686176729152";"0.824742556050993";"1040"
"847";"shoulder";"-0.173642933383825";"0.0899301430169095";"0.824742556050993";"1041"
"848";"rocha";"-0.222935460639793";"0.0790440516551224";"0.824742556050993";"1042"
"849";"vasnetsov";"-0.214377473875917";"0.013237004932938";"0.824742556050993";"1043"
"850";"shishkin";"-0.214377473875917";"0.013237004932938";"0.824742556050993";"1045"
"851";"pastoral";"-0.195310711915921";"0.0044063424046631";"0.824742556050993";"1046"
"852";"cast";"-0.240980338514712";"0.0432302383865523";"0.824742556050993";"1047"
"853";"ussr";"-0.200124641254676";"-0.12500015008198";"0.824143308552597";"1050"
"854";"turn";"-0.760950209849878";"-0.794303320923892";"0.824143308552597";"1051"
"855";"palermo";"-0.200124641254676";"-0.12500015008198";"0.824143308552597";"1052"
"856";"lifelike";"-0.188605123118456";"-0.0413641464856537";"0.824143308552597";"1053"
"857";"jurgens";"-0.227569160919782";"-0.0483107393940806";"0.824143308552597";"1054"
"858";"cobble";"-0.301627626343228";"0.0747306049778645";"0.823864537738325";"1058"
"859";"car";"-0.23961508933726";"0.0845641486748613";"0.823864537738325";"1059"
"860";"robert";"-0.300796870041822";"0.107478414859746";"0.823282850606182";"1060"
"861";"engrave";"-0.291821947268363";"0.0620107756429971";"0.823282850606182";"1061"
"862";"hole";"-0.243854620566199";"0.107911272015266";"0.823282850606182";"1062"
"863";"march";"-0.255374138702419";"0.0242752684189397";"0.823282850606182";"1063"
"864";"horizon";"-0.243854620566199";"0.107911272015266";"0.823282850606182";"1064"
"865";"ghailan";"-0.26377445117264";"0.0502010294296206";"0.823282850606182";"1065"
"866";"atey";"-0.26377445117264";"0.0502010294296206";"0.823282850606182";"1066"
"867";"allyway";"-0.328994581082807";"0.114303577571075";"0.823282850606182";"1067"
"868";"tile";"-0.315183563046598";"0.0374147888500283";"0.820607089798325";"1069"
"869";"dore";"-0.310570694119826";"0.05003534166079";"0.820453436593608";"1070"
"870";"human";"-0.280648245292582";"0.0601220247644886";"0.820453436593608";"1071"
"871";"angel";"-0.273942656495117";"0.0143515358741721";"0.820453436593608";"1072"
"872";"gustav";"-0.28965153419342";"0.0211681213006466";"0.820453436593608";"1073"
"873";"gdansk";"-0.36780274070132";"-0.0296885291477422";"0.820453436593608";"1074"
"874";"kremlin";"-0.1868571751928";"-0.0135505884590524";"0.81890592931753";"1075"
"875";"jeremy";"-0.214481923916672";"0.0610871207914075";"0.81890592931753";"1076"
"876";"fountain";"-0.231655548429534";"-0.0554837321435126";"0.81878739684532";"1078"
"877";"american";"-0.227153903979115";"-0.0360067804115916";"0.81878739684532";"1079"
"878";"distance";"-0.00750373018819549";"-0.137176299627852";"0.818460335023851";"1080"
"879";"army";"-0.28093314560929";"0.0225246785731921";"0.818008155592827";"1081"
"880";"visible";"-0.353876693269629";"-0.0213016145285553";"0.817514270291951";"1082"
"881";"lee";"-0.345889914692499";"-0.00310311514123674";"0.817514270291951";"1084"
"882";"romanticism";"-0.262344800578081";"-0.0326634914393311";"0.817514270291951";"1085"
"883";"surrealism";"-0.347484761094689";"-0.026271185883522";"0.817514270291951";"1086"
"884";"fantastical";"-0.291841097304984";"0.0830577724725541";"0.816096270716992";"1087"
"885";"life";"-0.305153160453608";"0.00914309977655734";"0.816096270716992";"1088"
"886";"czech";"-0.233395040602996";"0.0934776618351942";"0.815156791122437";"1089"
"887";"evil";"-0.259662860774934";"0.00656950648910504";"0.815156791122437";"1090"
"888";"andreas";"-0.260412357764909";"0.0715026036984464";"0.815156791122437";"1091"
"889";"reflect";"-0.240510208936279";"0.017262016842128";"0.815156791122437";"1092"
"890";"glorious";"-0.269900585466209";"-0.0156705263128435";"0.815156791122437";"1094"
"891";"sit";"-0.263459226834841";"-0.0870176491705829";"0.814709001782976";"1095"
"892";"america";"-0.20042882210342";"0.0240049215344044";"0.814709001782976";"1096"
"893";"image";"-0.00440737809949453";"0.547017125724671";"0.814313893542275";"1098"
"894";"rise";"-0.242665920474894";"0.0657727920636633";"0.814068048414728";"1100"
"895";"mute";"-0.271257707556155";"0.0255407144566295";"0.814068048414728";"1101"
"896";"temple";"-0.321171606607966";"-0.0135290832405329";"0.813047352126251";"1102"
"897";"design";"-0.558487512942176";"0.751414943381357";"0.812900284058879";"1103"
"898";"young";"0.256349242986954";"-0.115510866776751";"0.812751020945725";"1104"
"899";"hell";"-0.297330932884518";"-0.00302659952592275";"0.810226718296804";"1106"
"900";"beach";"-0.276903636181677";"0.0521503938403057";"0.809480402731036";"1107"
"901";"cosmic";"-0.348472415520574";"0.0539709330465468";"0.808617749738839";"1108"
"902";"michael";"-0.268235244242955";"0.0709702321019514";"0.808488242037721";"1109"
"903";"william";"-0.285823091586352";"-0.0833901344057675";"0.808143619849999";"1110"
"904";"fine";"-0.319131545022612";"-0.00762641206183653";"0.808143619849999";"1111"
"905";"market";"-0.255216464408764";"-0.0156060172925638";"0.806644403581117";"1112"
"906";"uhd";"-0.274260671603649";"0.0351576323846545";"0.806644403581117";"1113"
"907";"jesper";"-0.273261342283684";"-0.0514198305611341";"0.806644403581117";"1114"
"908";"ejsing";"-0.273261342283684";"-0.0514198305611341";"0.806644403581117";"1115"
"909";"sargent";"-0.255190938674007";"-0.0443433331096574";"0.806644403581117";"1116"
"910";"budapest";"-0.284387321007823";"0.0426901007085388";"0.803422076373625";"1118"
