"";"X";"V1"
"1";1;3
"2";2;8
"3";3;1
"4";4;4
"5";5;0
"6";6;1
"7";7;5
"8";8;4
"9";9;0
"10";10;12
"11";11;8
"12";12;14
"13";13;7
"14";14;12
"15";15;3
"16";16;14
"17";17;3
"18";18;14
"19";19;11
"20";20;14
"21";21;1
"22";22;1
"23";23;11
"24";24;14
"25";25;3
"26";26;0
"27";27;0
"28";28;14
"29";29;9
"30";30;4
"31";31;0
"32";32;11
"33";33;11
"34";34;10
"35";35;0
"36";36;2
"37";37;6
"38";38;4
"39";39;3
"40";40;2
"41";41;13
"42";42;10
"43";43;10
"44";44;13
"45";45;1
"46";46;1
"47";47;4
"48";48;0
"49";49;3
"50";50;1
"51";51;14
"52";52;1
"53";53;1
"54";54;14
"55";55;0
"56";56;7
"57";57;11
"58";58;0
"59";59;1
"60";60;11
"61";61;8
"62";62;10
"63";63;14
"64";64;3
"65";65;4
"66";66;0
"67";67;13
"68";68;0
"69";69;4
"70";70;7
"71";71;14
"72";72;3
"73";73;10
"74";74;8
"75";75;5
"76";76;11
"77";77;12
"78";78;12
"79";79;8
"80";80;10
"81";81;14
"82";82;2
"83";83;0
"84";84;10
"85";85;11
"86";86;10
"87";87;2
"88";88;0
"89";89;0
"90";90;1
"91";91;5
"92";92;3
"93";93;8
"94";94;3
"95";95;14
"96";96;1
"97";97;0
"98";98;11
"99";99;10
"100";100;14
"101";101;2
"102";102;3
"103";103;14
"104";104;11
"105";105;8
"106";106;0
"107";107;11
"108";108;7
"109";109;3
"110";110;13
"111";111;3
"112";112;14
"113";113;14
"114";114;14
"115";115;0
"116";116;14
"117";117;7
"118";118;3
"119";119;2
"120";120;10
"121";121;14
"122";122;8
"123";123;10
"124";124;3
"125";125;8
"126";126;11
"127";127;10
"128";128;3
"129";129;11
"130";130;3
"131";131;3
"132";132;1
"133";133;10
"134";134;0
"135";135;8
"136";136;10
"137";137;0
"138";138;0
"139";139;14
"140";140;10
"141";141;0
"142";142;11
"143";143;7
"144";144;8
"145";145;10
"146";146;14
"147";147;14
"148";148;14
"149";149;12
"150";150;12
"151";151;0
"152";152;1
"153";153;4
"154";154;10
"155";155;3
"156";156;10
"157";157;11
"158";158;9
"159";159;0
"160";160;7
"161";161;2
"162";162;10
"163";163;14
"164";164;10
"165";165;3
"166";166;0
"167";167;10
"168";168;14
"169";169;8
"170";170;3
"171";171;0
"172";172;6
"173";173;14
"174";174;14
"175";175;11
"176";176;12
"177";177;11
"178";178;1
"179";179;10
"180";180;0
"181";181;12
"182";182;0
"183";183;2
"184";184;8
"185";185;11
"186";186;6
"187";187;14
"188";188;1
"189";189;10
"190";190;14
"191";191;8
"192";192;11
"193";193;0
"194";194;3
"195";195;8
"196";196;1
"197";197;14
"198";198;8
"199";199;13
"200";200;14
"201";201;0
"202";202;0
"203";203;6
"204";204;11
"205";205;4
"206";206;13
"207";207;7
"208";208;0
"209";209;6
"210";210;3
"211";211;14
"212";212;2
"213";213;10
"214";214;6
"215";215;9
"216";216;1
"217";217;10
"218";218;0
"219";219;0
"220";220;0
"221";221;0
"222";222;12
"223";223;0
"224";224;3
"225";225;3
"226";226;2
"227";227;10
"228";228;0
"229";229;14
"230";230;10
"231";231;7
"232";232;11
"233";233;14
"234";234;14
"235";235;11
"236";236;0
"237";237;8
"238";238;14
"239";239;13
"240";240;0
"241";241;7
"242";242;11
"243";243;8
"244";244;5
"245";245;10
"246";246;8
"247";247;7
"248";248;13
"249";249;1
"250";250;8
"251";251;14
"252";252;0
"253";253;14
"254";254;12
"255";255;0
"256";256;7
"257";257;11
"258";258;13
"259";259;0
"260";260;10
"261";261;5
"262";262;3
"263";263;3
"264";264;10
"265";265;10
"266";266;0
"267";267;10
"268";268;8
"269";269;14
"270";270;8
"271";271;10
"272";272;14
"273";273;14
"274";274;8
"275";275;11
"276";276;7
"277";277;0
"278";278;10
"279";279;8
"280";280;3
"281";281;7
"282";282;11
"283";283;3
"284";284;8
"285";285;14
"286";286;11
"287";287;4
"288";288;10
"289";289;0
"290";290;0
"291";291;8
"292";292;0
"293";293;0
"294";294;1
"295";295;10
"296";296;5
"297";297;9
"298";298;3
"299";299;2
"300";300;3
"301";301;14
"302";302;1
"303";303;0
"304";304;0
"305";305;1
"306";306;3
"307";307;14
"308";308;0
"309";309;14
"310";310;2
"311";311;12
"312";312;12
"313";313;3
"314";314;10
"315";315;0
"316";316;11
"317";317;0
"318";318;10
"319";319;3
"320";320;2
"321";321;14
"322";322;9
"323";323;11
"324";324;9
"325";325;0
"326";326;8
"327";327;8
"328";328;7
"329";329;1
"330";330;0
"331";331;14
"332";332;12
"333";333;12
"334";334;13
"335";335;12
"336";336;10
"337";337;0
"338";338;11
"339";339;8
"340";340;11
"341";341;0
"342";342;12
"343";343;0
"344";344;0
"345";345;10
"346";346;9
"347";347;7
"348";348;7
"349";349;2
"350";350;8
"351";351;12
"352";352;0
"353";353;0
"354";354;5
"355";355;11
"356";356;0
"357";357;10
"358";358;2
"359";359;1
"360";360;0
"361";361;9
"362";362;3
"363";363;10
"364";364;11
"365";365;0
"366";366;0
"367";367;5
"368";368;11
"369";369;13
"370";370;0
"371";371;14
"372";372;5
"373";373;9
"374";374;1
"375";375;2
"376";376;2
"377";377;1
"378";378;12
"379";379;14
"380";380;14
"381";381;0
"382";382;14
"383";383;8
"384";384;14
"385";385;1
"386";386;2
"387";387;8
"388";388;7
"389";389;8
"390";390;3
"391";391;9
"392";392;12
"393";393;8
"394";394;10
"395";395;14
"396";396;0
"397";397;5
"398";398;10
"399";399;9
"400";400;1
"401";401;11
"402";402;7
"403";403;0
"404";404;0
"405";405;0
"406";406;0
"407";407;0
"408";408;1
"409";409;10
"410";410;2
"411";411;10
"412";412;7
"413";413;3
"414";414;11
"415";415;14
"416";416;0
"417";417;8
"418";418;6
"419";419;14
"420";420;11
"421";421;11
"422";422;14
"423";423;0
"424";424;0
"425";425;7
"426";426;11
"427";427;11
"428";428;2
"429";429;0
"430";430;14
"431";431;14
"432";432;2
"433";433;14
"434";434;12
"435";435;3
"436";436;9
"437";437;12
"438";438;1
"439";439;1
"440";440;8
"441";441;7
"442";442;14
"443";443;13
"444";444;5
"445";445;2
"446";446;0
"447";447;6
"448";448;13
"449";449;7
"450";450;11
"451";451;10
"452";452;0
"453";453;0
"454";454;10
"455";455;1
"456";456;8
"457";457;12
"458";458;2
"459";459;12
"460";460;0
"461";461;11
"462";462;8
"463";463;1
"464";464;5
"465";465;9
"466";466;3
"467";467;5
"468";468;2
"469";469;11
"470";470;11
"471";471;12
"472";472;0
"473";473;0
"474";474;7
"475";475;10
"476";476;14
"477";477;10
"478";478;14
"479";479;4
"480";480;3
"481";481;0
"482";482;3
"483";483;5
"484";484;8
"485";485;9
"486";486;0
"487";487;9
"488";488;3
"489";489;10
"490";490;9
"491";491;14
"492";492;12
"493";493;0
"494";494;14
"495";495;7
"496";496;3
"497";497;0
"498";498;12
"499";499;10
"500";500;11
"501";501;5
"502";502;7
"503";503;13
"504";504;9
"505";505;9
"506";506;0
"507";507;7
"508";508;0
"509";509;0
"510";510;5
"511";511;7
"512";512;8
"513";513;0
"514";514;10
"515";515;10
"516";516;2
"517";517;11
"518";518;12
"519";519;13
"520";520;0
"521";521;12
"522";522;6
"523";523;3
"524";524;6
"525";525;3
"526";526;3
"527";527;9
"528";528;0
"529";529;12
"530";530;8
"531";531;3
"532";532;12
"533";533;13
"534";534;2
"535";535;7
"536";536;12
"537";537;10
"538";538;0
"539";539;4
"540";540;10
"541";541;2
"542";542;7
"543";543;14
"544";544;1
"545";545;8
"546";546;9
"547";547;8
"548";548;3
"549";549;0
"550";550;11
"551";551;0
"552";552;6
"553";553;11
"554";554;10
"555";555;0
"556";556;4
"557";557;1
"558";558;10
"559";559;0
"560";560;10
"561";561;11
"562";562;2
"563";563;10
"564";564;0
"565";565;9
"566";566;0
"567";567;1
"568";568;7
"569";569;7
"570";570;2
"571";571;11
"572";572;7
"573";573;7
"574";574;8
"575";575;0
"576";576;4
"577";577;13
"578";578;5
"579";579;14
"580";580;8
"581";581;10
"582";582;11
"583";583;11
"584";584;0
"585";585;5
"586";586;14
"587";587;8
"588";588;9
"589";589;2
"590";590;3
"591";591;0
"592";592;7
"593";593;0
"594";594;12
"595";595;0
"596";596;2
"597";597;0
"598";598;7
"599";599;11
"600";600;7
"601";601;7
"602";602;6
"603";603;5
"604";604;12
"605";605;7
"606";606;11
"607";607;7
"608";608;2
"609";609;10
"610";610;10
"611";611;0
"612";612;14
"613";613;12
"614";614;2
"615";615;0
"616";616;1
"617";617;5
"618";618;0
"619";619;1
"620";620;14
"621";621;13
"622";622;14
"623";623;10
"624";624;1
"625";625;0
"626";626;8
"627";627;7
"628";628;2
"629";629;1
"630";630;14
"631";631;10
"632";632;11
"633";633;10
"634";634;4
"635";635;2
"636";636;11
"637";637;3
"638";638;7
"639";639;0
"640";640;13
"641";641;0
"642";642;6
"643";643;13
"644";644;3
"645";645;6
"646";646;13
"647";647;11
"648";648;2
"649";649;0
"650";650;14
"651";651;5
"652";652;7
"653";653;0
"654";654;13
"655";655;9
"656";656;2
"657";657;6
"658";658;0
"659";659;13
"660";660;10
"661";661;7
"662";662;10
"663";663;8
"664";664;5
"665";665;5
"666";666;10
"667";667;14
"668";668;14
"669";669;12
"670";670;10
"671";671;5
"672";672;14
"673";673;3
"674";674;13
"675";675;14
"676";676;13
"677";677;10
"678";678;13
"679";679;6
"680";680;14
"681";681;9
"682";682;0
"683";683;12
"684";684;14
"685";685;14
"686";686;4
"687";687;8
"688";688;8
"689";689;0
"690";690;7
"691";691;11
"692";692;0
"693";693;6
"694";694;6
"695";695;6
"696";696;12
"697";697;5
"698";698;0
"699";699;10
"700";700;0
"701";701;9
"702";702;0
"703";703;5
"704";704;9
"705";705;7
"706";706;7
"707";707;13
"708";708;10
"709";709;1
"710";710;12
"711";711;0
"712";712;0
"713";713;9
"714";714;2
"715";715;3
"716";716;11
"717";717;1
"718";718;0
"719";719;2
"720";720;1
"721";721;12
"722";722;0
"723";723;8
"724";724;0
"725";725;1
"726";726;0
"727";727;0
"728";728;3
"729";729;2
"730";730;12
"731";731;14
"732";732;8
"733";733;6
"734";734;12
"735";735;10
"736";736;0
"737";737;4
"738";738;7
"739";739;7
"740";740;7
"741";741;5
"742";742;10
"743";743;12
"744";744;8
"745";745;12
"746";746;0
"747";747;12
"748";748;1
"749";749;13
"750";750;0
"751";751;14
"752";752;13
"753";753;0
"754";754;10
"755";755;1
"756";756;1
"757";757;10
"758";758;10
"759";759;10
"760";760;0
"761";761;0
"762";762;0
"763";763;12
"764";764;8
"765";765;10
"766";766;0
"767";767;7
"768";768;5
"769";769;12
"770";770;0
"771";771;13
"772";772;1
"773";773;8
"774";774;1
"775";775;4
"776";776;8
"777";777;11
"778";778;1
"779";779;13
"780";780;3
"781";781;0
"782";782;10
"783";783;12
"784";784;0
"785";785;12
"786";786;1
"787";787;11
"788";788;0
"789";789;8
"790";790;1
"791";791;3
"792";792;9
"793";793;2
"794";794;0
"795";795;13
"796";796;0
"797";797;0
"798";798;0
"799";799;0
"800";800;14
"801";801;11
"802";802;8
"803";803;9
"804";804;1
"805";805;0
"806";806;11
"807";807;9
"808";808;0
"809";809;8
"810";810;5
"811";811;6
"812";812;0
"813";813;10
"814";814;4
"815";815;12
"816";816;12
"817";817;9
"818";818;8
"819";819;0
"820";820;10
"821";821;1
"822";822;3
"823";823;0
"824";824;14
"825";825;13
"826";826;12
"827";827;0
"828";828;10
"829";829;7
"830";830;7
"831";831;5
"832";832;0
"833";833;10
"834";834;9
"835";835;8
"836";836;12
"837";837;6
"838";838;10
"839";839;7
"840";840;14
"841";841;3
"842";842;11
"843";843;8
"844";844;7
"845";845;0
"846";846;0
"847";847;13
"848";848;5
"849";849;5
"850";850;14
"851";851;0
"852";852;8
"853";853;0
"854";854;9
"855";855;3
"856";856;14
"857";857;14
"858";858;9
"859";859;1
"860";860;13
"861";861;12
"862";862;0
"863";863;5
"864";864;3
"865";865;10
"866";866;8
"867";867;0
"868";868;0
"869";869;14
"870";870;14
"871";871;10
"872";872;7
"873";873;11
"874";874;11
"875";875;2
"876";876;5
"877";877;14
"878";878;9
"879";879;9
"880";880;12
"881";881;3
"882";882;1
"883";883;9
"884";884;14
"885";885;6
"886";886;8
"887";887;7
"888";888;0
"889";889;12
"890";890;0
"891";891;13
"892";892;9
"893";893;13
"894";894;10
"895";895;12
"896";896;9
"897";897;11
"898";898;14
"899";899;4
"900";900;10
"901";901;0
"902";902;0
"903";903;3
"904";904;0
"905";905;13
"906";906;12
"907";907;3
"908";908;13
"909";909;11
"910";910;7
"911";911;2
"912";912;9
"913";913;12
"914";914;8
"915";915;1
"916";916;0
"917";917;4
"918";918;10
"919";919;3
"920";920;13
"921";921;1
"922";922;5
"923";923;0
"924";924;14
"925";925;0
"926";926;0
"927";927;0
"928";928;7
"929";929;9
"930";930;12
"931";931;9
"932";932;10
"933";933;11
"934";934;12
"935";935;5
"936";936;7
"937";937;0
"938";938;14
"939";939;9
"940";940;0
"941";941;3
"942";942;3
"943";943;0
"944";944;5
"945";945;3
"946";946;14
"947";947;10
"948";948;7
"949";949;11
"950";950;11
"951";951;9
"952";952;9
"953";953;0
"954";954;0
"955";955;6
"956";956;14
"957";957;12
"958";958;3
"959";959;9
"960";960;14
"961";961;12
"962";962;9
"963";963;12
"964";964;6
"965";965;8
"966";966;0
"967";967;14
"968";968;9
"969";969;6
"970";970;13
"971";971;12
"972";972;3
"973";973;11
"974";974;3
"975";975;4
"976";976;10
"977";977;5
"978";978;2
"979";979;0
"980";980;4
"981";981;0
"982";982;0
"983";983;0
"984";984;3
"985";985;5
"986";986;3
"987";987;13
"988";988;13
"989";989;4
"990";990;3
"991";991;0
"992";992;13
"993";993;5
"994";994;0
"995";995;12
"996";996;10
"997";997;11
"998";998;1
"999";999;14
"1000";1000;12
"1001";1001;6
"1002";1002;0
"1003";1003;0
"1004";1004;5
"1005";1005;0
"1006";1006;8
"1007";1007;7
"1008";1008;6
"1009";1009;0
"1010";1010;10
"1011";1011;8
"1012";1012;12
"1013";1013;10
"1014";1014;0
"1015";1015;3
"1016";1016;7
"1017";1017;11
"1018";1018;11
"1019";1019;4
"1020";1020;7
"1021";1021;9
"1022";1022;8
"1023";1023;0
"1024";1024;12
"1025";1025;1
"1026";1026;13
"1027";1027;14
"1028";1028;7
"1029";1029;7
"1030";1030;7
"1031";1031;0
"1032";1032;3
"1033";1033;11
"1034";1034;9
"1035";1035;12
"1036";1036;9
"1037";1037;3
"1038";1038;7
"1039";1039;3
"1040";1040;14
"1041";1041;7
"1042";1042;1
"1043";1043;8
"1044";1044;14
"1045";1045;13
"1046";1046;1
"1047";1047;0
"1048";1048;3
"1049";1049;6
"1050";1050;10
"1051";1051;12
"1052";1052;13
"1053";1053;3
"1054";1054;7
"1055";1055;5
"1056";1056;9
"1057";1057;1
"1058";1058;12
"1059";1059;5
"1060";1060;9
"1061";1061;10
"1062";1062;12
"1063";1063;8
"1064";1064;6
"1065";1065;7
"1066";1066;6
"1067";1067;11
"1068";1068;1
"1069";1069;10
"1070";1070;3
"1071";1071;12
"1072";1072;0
"1073";1073;11
"1074";1074;2
"1075";1075;1
"1076";1076;9
"1077";1077;6
"1078";1078;12
"1079";1079;3
"1080";1080;12
"1081";1081;14
"1082";1082;10
"1083";1083;5
"1084";1084;0
"1085";1085;0
"1086";1086;7
"1087";1087;12
"1088";1088;7
"1089";1089;0
"1090";1090;12
"1091";1091;14
"1092";1092;9
"1093";1093;0
"1094";1094;1
"1095";1095;9
"1096";1096;12
"1097";1097;10
"1098";1098;2
"1099";1099;11
"1100";1100;14
"1101";1101;1
"1102";1102;5
"1103";1103;5
"1104";1104;3
"1105";1105;5
"1106";1106;5
"1107";1107;1
"1108";1108;1
"1109";1109;10
"1110";1110;4
"1111";1111;5
"1112";1112;12
"1113";1113;7
"1114";1114;2
"1115";1115;11
"1116";1116;0
"1117";1117;1
"1118";1118;10
"1119";1119;10
"1120";1120;11
"1121";1121;12
"1122";1122;12
"1123";1123;12
"1124";1124;12
"1125";1125;0
"1126";1126;12
"1127";1127;5
"1128";1128;14
"1129";1129;14
"1130";1130;11
"1131";1131;14
"1132";1132;3
"1133";1133;5
"1134";1134;0
"1135";1135;14
"1136";1136;11
"1137";1137;7
"1138";1138;1
"1139";1139;8
"1140";1140;0
"1141";1141;5
"1142";1142;0
"1143";1143;13
"1144";1144;2
"1145";1145;0
"1146";1146;12
"1147";1147;14
"1148";1148;7
"1149";1149;3
"1150";1150;0
"1151";1151;7
"1152";1152;8
"1153";1153;0
"1154";1154;9
"1155";1155;14
"1156";1156;0
"1157";1157;4
"1158";1158;1
"1159";1159;9
"1160";1160;0
"1161";1161;5
"1162";1162;1
"1163";1163;4
"1164";1164;6
"1165";1165;7
"1166";1166;10
"1167";1167;0
"1168";1168;1
"1169";1169;14
"1170";1170;11
"1171";1171;13
"1172";1172;14
"1173";1173;13
"1174";1174;12
"1175";1175;0
"1176";1176;2
"1177";1177;1
"1178";1178;1
"1179";1179;12
"1180";1180;14
"1181";1181;3
"1182";1182;1
"1183";1183;11
"1184";1184;11
"1185";1185;12
"1186";1186;6
"1187";1187;0
"1188";1188;8
"1189";1189;10
"1190";1190;6
"1191";1191;13
"1192";1192;6
"1193";1193;1
"1194";1194;6
"1195";1195;7
"1196";1196;3
"1197";1197;9
"1198";1198;2
"1199";1199;0
"1200";1200;1
"1201";1201;2
"1202";1202;11
"1203";1203;11
"1204";1204;0
"1205";1205;10
"1206";1206;11
"1207";1207;7
"1208";1208;4
"1209";1209;5
"1210";1210;12
"1211";1211;12
"1212";1212;0
"1213";1213;7
"1214";1214;0
"1215";1215;2
"1216";1216;14
"1217";1217;14
"1218";1218;10
"1219";1219;1
"1220";1220;3
"1221";1221;0
"1222";1222;8
"1223";1223;12
"1224";1224;0
"1225";1225;4
"1226";1226;3
"1227";1227;5
"1228";1228;11
"1229";1229;12
"1230";1230;14
"1231";1231;10
"1232";1232;7
"1233";1233;8
"1234";1234;6
"1235";1235;5
"1236";1236;9
"1237";1237;12
"1238";1238;7
"1239";1239;14
"1240";1240;7
"1241";1241;0
"1242";1242;11
"1243";1243;13
"1244";1244;11
"1245";1245;0
"1246";1246;7
"1247";1247;14
"1248";1248;1
"1249";1249;5
"1250";1250;3
"1251";1251;14
"1252";1252;0
"1253";1253;6
"1254";1254;10
"1255";1255;14
"1256";1256;10
"1257";1257;8
"1258";1258;10
"1259";1259;3
"1260";1260;8
"1261";1261;7
"1262";1262;9
"1263";1263;8
"1264";1264;0
"1265";1265;0
"1266";1266;0
"1267";1267;10
"1268";1268;0
"1269";1269;3
"1270";1270;4
"1271";1271;5
"1272";1272;7
"1273";1273;0
"1274";1274;12
"1275";1275;7
"1276";1276;11
"1277";1277;0
"1278";1278;7
"1279";1279;0
"1280";1280;4
"1281";1281;12
"1282";1282;12
"1283";1283;0
"1284";1284;14
"1285";1285;2
"1286";1286;6
"1287";1287;9
"1288";1288;7
"1289";1289;12
"1290";1290;1
"1291";1291;2
"1292";1292;0
"1293";1293;8
"1294";1294;7
"1295";1295;14
"1296";1296;3
"1297";1297;4
"1298";1298;11
"1299";1299;10
"1300";1300;6
"1301";1301;9
"1302";1302;7
"1303";1303;3
"1304";1304;7
"1305";1305;6
"1306";1306;12
"1307";1307;0
"1308";1308;10
"1309";1309;0
"1310";1310;7
"1311";1311;12
"1312";1312;12
"1313";1313;14
"1314";1314;4
"1315";1315;0
"1316";1316;0
"1317";1317;8
"1318";1318;9
"1319";1319;14
"1320";1320;0
"1321";1321;3
"1322";1322;3
"1323";1323;11
"1324";1324;7
"1325";1325;0
"1326";1326;11
"1327";1327;0
"1328";1328;10
"1329";1329;12
"1330";1330;9
"1331";1331;12
"1332";1332;0
"1333";1333;6
"1334";1334;8
"1335";1335;0
"1336";1336;14
"1337";1337;0
"1338";1338;11
"1339";1339;12
"1340";1340;10
"1341";1341;10
"1342";1342;1
"1343";1343;10
"1344";1344;0
"1345";1345;0
"1346";1346;8
"1347";1347;8
"1348";1348;12
"1349";1349;12
"1350";1350;4
"1351";1351;12
"1352";1352;11
"1353";1353;0
"1354";1354;1
"1355";1355;12
"1356";1356;14
"1357";1357;1
"1358";1358;7
"1359";1359;4
"1360";1360;11
"1361";1361;2
"1362";1362;3
"1363";1363;0
"1364";1364;14
"1365";1365;1
"1366";1366;12
"1367";1367;12
"1368";1368;11
"1369";1369;6
"1370";1370;7
"1371";1371;12
"1372";1372;14
"1373";1373;0
"1374";1374;5
"1375";1375;3
"1376";1376;1
"1377";1377;0
"1378";1378;5
"1379";1379;0
"1380";1380;4
"1381";1381;14
"1382";1382;7
"1383";1383;10
"1384";1384;0
"1385";1385;2
"1386";1386;9
"1387";1387;12
"1388";1388;12
"1389";1389;5
"1390";1390;0
"1391";1391;0
"1392";1392;11
"1393";1393;0
"1394";1394;7
"1395";1395;14
"1396";1396;12
"1397";1397;0
"1398";1398;12
"1399";1399;5
"1400";1400;7
"1401";1401;4
"1402";1402;11
"1403";1403;14
"1404";1404;3
"1405";1405;10
"1406";1406;11
"1407";1407;14
"1408";1408;14
"1409";1409;5
"1410";1410;13
"1411";1411;7
"1412";1412;1
"1413";1413;6
"1414";1414;4
"1415";1415;9
"1416";1416;7
"1417";1417;14
"1418";1418;6
"1419";1419;0
"1420";1420;14
"1421";1421;0
"1422";1422;10
"1423";1423;1
"1424";1424;4
"1425";1425;6
"1426";1426;12
"1427";1427;12
"1428";1428;4
"1429";1429;9
"1430";1430;7
"1431";1431;11
"1432";1432;2
"1433";1433;0
"1434";1434;8
"1435";1435;0
"1436";1436;5
"1437";1437;3
"1438";1438;0
"1439";1439;12
"1440";1440;4
"1441";1441;2
"1442";1442;0
"1443";1443;7
"1444";1444;7
"1445";1445;9
"1446";1446;8
"1447";1447;8
"1448";1448;14
"1449";1449;7
"1450";1450;14
"1451";1451;13
"1452";1452;12
"1453";1453;7
"1454";1454;6
"1455";1455;8
"1456";1456;6
"1457";1457;10
"1458";1458;1
"1459";1459;1
"1460";1460;1
"1461";1461;0
"1462";1462;2
"1463";1463;14
"1464";1464;11
"1465";1465;0
"1466";1466;3
"1467";1467;0
"1468";1468;0
"1469";1469;7
"1470";1470;0
"1471";1471;5
"1472";1472;8
"1473";1473;10
"1474";1474;7
"1475";1475;4
"1476";1476;1
"1477";1477;5
"1478";1478;0
"1479";1479;9
"1480";1480;1
"1481";1481;14
"1482";1482;14
"1483";1483;0
"1484";1484;6
"1485";1485;10
"1486";1486;7
"1487";1487;6
"1488";1488;1
"1489";1489;8
"1490";1490;6
"1491";1491;12
"1492";1492;12
"1493";1493;12
"1494";1494;0
"1495";1495;0
"1496";1496;9
"1497";1497;5
"1498";1498;12
"1499";1499;9
"1500";1500;3
"1501";1501;1
"1502";1502;0
"1503";1503;0
"1504";1504;8
"1505";1505;5
"1506";1506;13
"1507";1507;7
"1508";1508;1
"1509";1509;2
"1510";1510;0
"1511";1511;12
"1512";1512;7
"1513";1513;14
"1514";1514;8
"1515";1515;11
"1516";1516;9
"1517";1517;12
"1518";1518;0
"1519";1519;6
"1520";1520;14
"1521";1521;13
"1522";1522;10
"1523";1523;14
"1524";1524;12
"1525";1525;7
"1526";1526;4
"1527";1527;7
"1528";1528;13
"1529";1529;14
"1530";1530;1
"1531";1531;10
"1532";1532;0
"1533";1533;14
"1534";1534;13
"1535";1535;14
"1536";1536;12
"1537";1537;4
"1538";1538;8
"1539";1539;1
"1540";1540;7
"1541";1541;10
"1542";1542;3
"1543";1543;6
"1544";1544;6
"1545";1545;8
"1546";1546;6
"1547";1547;12
"1548";1548;14
"1549";1549;0
"1550";1550;12
"1551";1551;1
"1552";1552;12
"1553";1553;3
"1554";1554;12
"1555";1555;7
"1556";1556;3
"1557";1557;12
"1558";1558;10
"1559";1559;11
"1560";1560;0
"1561";1561;13
"1562";1562;8
"1563";1563;6
"1564";1564;7
"1565";1565;9
"1566";1566;14
"1567";1567;3
"1568";1568;14
"1569";1569;1
"1570";1570;6
"1571";1571;8
"1572";1572;13
"1573";1573;4
"1574";1574;10
"1575";1575;7
"1576";1576;8
"1577";1577;1
"1578";1578;14
"1579";1579;11
"1580";1580;4
"1581";1581;0
"1582";1582;12
"1583";1583;0
"1584";1584;9
"1585";1585;2
"1586";1586;0
"1587";1587;10
"1588";1588;9
"1589";1589;4
"1590";1590;12
"1591";1591;12
"1592";1592;0
"1593";1593;8
"1594";1594;0
"1595";1595;2
"1596";1596;10
"1597";1597;6
"1598";1598;10
"1599";1599;9
"1600";1600;7
"1601";1601;14
"1602";1602;8
"1603";1603;14
"1604";1604;2
"1605";1605;11
"1606";1606;12
"1607";1607;2
"1608";1608;14
"1609";1609;1
"1610";1610;10
"1611";1611;12
"1612";1612;0
"1613";1613;5
"1614";1614;8
"1615";1615;12
"1616";1616;1
"1617";1617;12
"1618";1618;12
"1619";1619;12
"1620";1620;11
"1621";1621;12
"1622";1622;6
"1623";1623;12
"1624";1624;14
"1625";1625;3
"1626";1626;12
"1627";1627;10
"1628";1628;13
"1629";1629;6
"1630";1630;3
"1631";1631;7
"1632";1632;5
"1633";1633;2
"1634";1634;2
"1635";1635;6
"1636";1636;11
"1637";1637;0
"1638";1638;5
"1639";1639;13
"1640";1640;6
"1641";1641;9
"1642";1642;0
"1643";1643;11
"1644";1644;7
"1645";1645;4
"1646";1646;6
"1647";1647;11
"1648";1648;14
"1649";1649;1
"1650";1650;1
"1651";1651;12
"1652";1652;12
"1653";1653;9
"1654";1654;7
"1655";1655;7
"1656";1656;2
"1657";1657;8
"1658";1658;12
"1659";1659;14
"1660";1660;5
"1661";1661;0
"1662";1662;0
"1663";1663;14
"1664";1664;12
"1665";1665;1
"1666";1666;0
"1667";1667;5
"1668";1668;12
"1669";1669;8
"1670";1670;14
"1671";1671;9
"1672";1672;8
"1673";1673;10
"1674";1674;3
"1675";1675;13
"1676";1676;0
"1677";1677;6
"1678";1678;10
"1679";1679;0
"1680";1680;7
"1681";1681;14
"1682";1682;2
"1683";1683;2
"1684";1684;10
"1685";1685;9
"1686";1686;3
"1687";1687;11
"1688";1688;9
"1689";1689;3
"1690";1690;2
"1691";1691;8
"1692";1692;12
"1693";1693;10
"1694";1694;2
"1695";1695;0
"1696";1696;12
"1697";1697;13
"1698";1698;12
"1699";1699;8
"1700";1700;9
"1701";1701;4
"1702";1702;8
"1703";1703;5
"1704";1704;2
"1705";1705;3
"1706";1706;1
"1707";1707;0
"1708";1708;14
"1709";1709;7
"1710";1710;3
"1711";1711;14
"1712";1712;3
"1713";1713;12
"1714";1714;0
"1715";1715;8
"1716";1716;0
"1717";1717;14
"1718";1718;4
"1719";1719;5
"1720";1720;10
"1721";1721;13
"1722";1722;0
"1723";1723;5
"1724";1724;3
"1725";1725;12
"1726";1726;6
"1727";1727;5
"1728";1728;9
"1729";1729;14
"1730";1730;0
"1731";1731;12
"1732";1732;2
"1733";1733;2
"1734";1734;7
"1735";1735;0
"1736";1736;8
"1737";1737;3
"1738";1738;12
"1739";1739;2
"1740";1740;8
"1741";1741;12
"1742";1742;0
"1743";1743;0
"1744";1744;0
"1745";1745;14
"1746";1746;4
"1747";1747;7
"1748";1748;1
"1749";1749;7
"1750";1750;12
"1751";1751;8
"1752";1752;1
"1753";1753;5
"1754";1754;0
"1755";1755;0
"1756";1756;12
"1757";1757;3
"1758";1758;11
"1759";1759;3
"1760";1760;7
"1761";1761;12
"1762";1762;7
"1763";1763;8
"1764";1764;9
"1765";1765;0
"1766";1766;12
"1767";1767;12
"1768";1768;12
"1769";1769;14
"1770";1770;5
"1771";1771;12
"1772";1772;3
"1773";1773;14
"1774";1774;14
"1775";1775;5
"1776";1776;5
"1777";1777;0
"1778";1778;4
"1779";1779;6
"1780";1780;5
"1781";1781;12
"1782";1782;0
"1783";1783;3
"1784";1784;6
"1785";1785;0
"1786";1786;5
"1787";1787;8
"1788";1788;0
"1789";1789;0
"1790";1790;5
"1791";1791;2
"1792";1792;5
"1793";1793;14
"1794";1794;10
"1795";1795;10
"1796";1796;0
"1797";1797;14
"1798";1798;6
"1799";1799;1
"1800";1800;7
"1801";1801;11
"1802";1802;0
"1803";1803;2
"1804";1804;0
"1805";1805;10
"1806";1806;14
"1807";1807;14
"1808";1808;12
"1809";1809;2
"1810";1810;0
"1811";1811;9
"1812";1812;13
"1813";1813;0
"1814";1814;9
"1815";1815;8
"1816";1816;10
"1817";1817;12
"1818";1818;0
"1819";1819;14
"1820";1820;5
"1821";1821;6
"1822";1822;14
"1823";1823;6
"1824";1824;5
"1825";1825;2
"1826";1826;0
"1827";1827;14
"1828";1828;0
"1829";1829;5
"1830";1830;7
"1831";1831;7
"1832";1832;7
"1833";1833;12
"1834";1834;11
"1835";1835;12
"1836";1836;6
"1837";1837;11
"1838";1838;1
"1839";1839;6
"1840";1840;6
"1841";1841;8
"1842";1842;12
"1843";1843;0
"1844";1844;11
"1845";1845;0
"1846";1846;5
"1847";1847;5
"1848";1848;8
"1849";1849;1
"1850";1850;12
"1851";1851;3
"1852";1852;6
"1853";1853;12
"1854";1854;12
"1855";1855;9
"1856";1856;8
"1857";1857;2
"1858";1858;14
"1859";1859;12
"1860";1860;1
"1861";1861;11
"1862";1862;7
"1863";1863;7
"1864";1864;13
"1865";1865;9
"1866";1866;9
"1867";1867;0
"1868";1868;9
"1869";1869;7
"1870";1870;10
"1871";1871;13
"1872";1872;10
"1873";1873;1
"1874";1874;0
"1875";1875;13
"1876";1876;2
"1877";1877;0
"1878";1878;12
"1879";1879;3
"1880";1880;1
"1881";1881;12
"1882";1882;10
"1883";1883;3
"1884";1884;9
"1885";1885;11
"1886";1886;14
"1887";1887;11
"1888";1888;12
"1889";1889;5
"1890";1890;8
"1891";1891;0
"1892";1892;2
"1893";1893;2
"1894";1894;10
"1895";1895;8
"1896";1896;10
"1897";1897;7
"1898";1898;2
"1899";1899;1
