"";"newcol";"newcol";"newcol";"newcol";"newcol";"newcol";"newcol";"newcol";"newcol"
"1";2;2;2;2;2;2;2;2;2
"2";3;4;6;8;11;13;14;16;18
"3";3;4;6;8;11;13;14;16;18
"4";3;4;6;8;11;13;14;16;18
"5";3;4;6;8;11;13;14;16;18
"6";3;4;6;8;11;13;14;16;18
"7";3;4;6;8;11;13;14;16;18
"8";3;4;6;8;11;13;14;16;18
"9";3;4;6;8;11;12;12;12;12
"10";3;4;6;8;11;13;14;16;18
"11";3;4;6;8;11;13;14;16;18
"12";3;4;6;8;11;13;14;16;18
"13";3;4;6;8;11;13;14;16;18
"14";2;2;2;2;2;2;2;2;2
"15";3;4;6;8;11;13;14;16;18
"16";3;4;6;8;11;13;14;16;18
"17";3;4;6;8;11;13;14;16;18
"18";3;4;6;8;11;13;14;16;18
"19";3;4;6;8;11;13;14;16;18
"20";3;4;6;8;11;13;14;16;18
"21";3;4;6;8;11;12;12;12;12
"22";3;4;6;8;11;13;14;16;18
"23";3;4;6;8;11;13;14;16;18
"24";3;4;6;8;11;13;14;16;18
"25";3;4;6;8;11;13;15;15;15
"26";3;4;6;8;11;13;14;16;18
"27";3;4;6;8;11;13;14;16;18
"28";3;4;6;8;11;13;14;16;18
"29";3;4;6;8;11;13;14;16;18
"30";3;4;6;8;11;13;14;16;18
"31";3;4;7;7;7;7;7;7;7
"32";3;4;6;8;11;13;14;16;18
"33";3;4;6;8;11;13;14;16;18
"34";3;4;6;8;11;13;14;16;18
"35";3;4;7;7;7;7;7;7;7
"36";3;4;6;8;11;13;14;16;18
"37";3;4;6;9;9;9;9;9;9
"38";3;4;6;8;11;13;14;16;18
"39";3;4;6;8;11;13;14;16;18
"40";3;4;6;8;11;12;12;12;12
"41";3;4;6;8;11;13;14;16;18
"42";3;4;6;8;11;13;14;16;18
"43";3;4;6;8;11;13;14;16;18
"44";3;4;6;8;11;13;14;16;18
"45";3;4;6;8;11;13;14;16;18
"46";3;4;6;8;11;13;14;16;18
"47";3;4;6;8;11;13;14;16;18
"48";3;4;6;8;11;13;14;16;18
"49";3;4;6;8;11;12;12;12;12
"50";3;4;6;8;11;13;14;16;18
"51";3;4;6;8;11;13;14;16;18
"52";3;4;6;8;11;13;14;16;18
"53";3;4;6;8;11;13;14;16;18
"54";3;4;6;8;11;13;14;16;18
"55";3;4;6;8;11;13;14;16;18
"56";3;4;6;8;11;13;14;16;18
"57";3;4;6;8;11;13;14;16;18
"58";3;4;6;8;11;13;14;16;18
"59";3;4;6;8;11;13;14;16;18
"60";3;4;6;8;11;12;12;12;12
"61";3;4;6;8;11;13;14;16;18
"62";3;4;6;8;11;13;14;16;18
"63";3;4;6;8;11;13;14;16;18
"64";3;4;6;8;11;13;14;16;18
"65";3;4;6;8;11;13;14;16;18
"66";3;4;6;8;11;12;12;12;12
"67";3;4;6;8;11;13;14;16;18
"68";3;4;6;8;11;13;15;15;15
"69";3;4;6;8;11;13;14;16;18
"70";0;0;0;0;0;0;0;0;0
"71";3;4;6;8;11;13;14;16;18
"72";3;4;6;8;11;13;14;16;18
"73";3;4;6;8;11;13;14;16;18
"74";3;4;6;8;11;13;14;16;18
"75";3;4;7;7;7;7;7;7;7
"76";3;4;6;9;9;9;9;9;9
"77";3;4;6;8;11;13;14;16;18
"78";3;4;6;8;11;13;14;16;18
"79";3;4;6;8;11;13;14;16;18
"80";2;2;2;2;2;2;2;2;2
"81";3;4;6;8;11;13;14;16;18
"82";3;4;6;8;11;13;14;16;18
"83";3;4;6;8;11;13;14;16;18
"84";3;4;6;8;11;13;14;16;18
"85";3;4;6;8;11;13;14;16;18
"86";3;4;6;8;11;13;14;16;18
"87";3;4;6;8;11;13;14;16;18
"88";2;2;2;2;2;2;2;2;2
"89";3;4;6;8;11;13;14;16;18
"90";3;4;6;8;11;13;14;16;18
"91";3;4;6;8;11;13;14;16;18
"92";3;4;6;8;11;13;14;16;18
"93";3;4;6;8;11;13;14;16;18
"94";3;4;6;8;11;13;14;16;18
"95";3;4;6;8;11;12;12;12;12
"96";3;4;6;8;11;13;14;16;18
"97";3;4;6;8;11;13;14;16;18
"98";3;4;6;8;11;13;14;16;18
"99";3;4;6;8;11;13;14;16;18
"100";3;4;6;8;11;13;14;16;18
"101";3;4;6;8;11;13;14;16;18
"102";3;4;6;8;11;13;14;16;18
"103";3;4;6;8;11;13;14;16;18
"104";3;4;6;8;11;13;14;16;18
"105";3;4;6;8;11;13;14;16;18
"106";3;4;6;8;11;13;14;16;18
"107";3;4;6;8;11;13;14;16;18
"108";3;4;6;8;11;13;14;16;18
"109";3;4;6;8;11;13;14;16;18
"110";3;4;6;8;11;13;14;16;18
"111";3;4;6;8;11;13;14;16;18
"112";3;4;6;8;11;13;14;16;18
"113";3;4;6;8;11;13;14;16;18
"114";3;4;6;8;11;12;12;12;12
"115";3;4;6;8;11;13;14;16;18
"116";3;4;6;8;11;13;14;16;18
"117";3;4;6;8;11;13;14;16;18
"118";3;4;6;8;11;13;14;16;18
"119";3;4;6;8;11;13;14;16;18
"120";3;4;6;8;11;13;14;16;18
"121";3;4;6;9;9;9;9;9;9
"122";3;4;6;8;11;13;14;16;18
"123";3;4;6;8;11;13;14;16;18
"124";3;4;6;8;11;13;14;16;18
"125";3;4;6;8;11;13;14;16;18
"126";3;4;6;8;11;13;14;16;18
"127";2;2;2;2;2;2;2;2;2
"128";3;4;6;8;11;13;14;16;18
"129";3;4;6;8;11;13;14;16;18
"130";3;4;6;8;11;13;14;16;18
"131";3;4;6;8;11;13;14;16;18
"132";3;4;6;8;11;12;12;12;12
"133";3;4;6;8;11;13;14;16;18
"134";3;4;6;8;11;13;14;16;18
"135";3;4;6;8;11;13;14;16;18
"136";3;4;6;8;11;13;14;16;18
"137";3;4;6;8;11;13;14;16;18
"138";3;4;6;8;11;13;14;16;18
"139";3;4;6;8;11;13;14;16;18
"140";3;4;6;8;11;13;14;16;18
"141";3;4;6;8;11;13;14;16;18
"142";3;4;6;8;11;13;14;16;18
"143";3;4;6;8;11;13;14;16;18
"144";3;4;6;8;11;13;14;16;18
"145";3;4;6;8;11;12;12;12;12
"146";3;4;6;8;11;13;14;16;18
"147";3;4;6;8;11;13;14;16;18
"148";3;4;6;8;11;13;14;16;18
"149";3;4;6;8;11;13;14;16;18
"150";3;4;6;8;11;13;14;16;18
"151";3;4;6;8;11;13;14;16;18
"152";3;4;6;8;11;13;14;16;18
"153";3;4;6;8;11;13;14;16;18
"154";3;4;6;8;11;13;14;16;18
"155";3;4;6;8;11;13;14;16;18
"156";3;4;6;8;11;13;14;16;18
"157";3;4;6;8;11;13;15;15;15
"158";3;4;6;8;11;13;14;16;18
"159";3;4;6;8;11;13;14;16;18
"160";3;4;6;8;11;13;14;16;18
"161";3;4;6;8;11;13;14;16;18
"162";3;4;6;8;11;12;12;12;12
"163";3;4;6;8;11;13;14;16;18
"164";3;4;6;8;11;13;14;16;18
"165";3;4;6;8;11;13;14;16;18
"166";3;4;6;8;11;13;14;16;18
"167";3;4;6;8;11;13;14;16;18
"168";3;4;6;8;11;13;14;16;18
"169";3;4;6;8;11;13;14;16;18
"170";3;4;6;8;11;12;12;12;12
"171";3;4;6;8;11;13;14;16;18
"172";2;2;2;2;2;2;2;2;2
"173";3;4;6;8;11;13;14;16;18
"174";3;4;6;8;11;13;14;16;18
"175";3;4;6;8;11;13;14;16;18
"176";3;4;6;8;11;13;14;16;18
"177";3;4;6;8;11;13;14;16;18
"178";3;4;6;8;11;13;14;16;18
"179";3;4;6;8;11;12;12;12;12
"180";3;4;6;8;11;13;14;16;18
"181";3;4;6;8;11;13;14;16;18
"182";2;2;2;2;2;2;2;2;2
"183";3;4;6;8;11;13;14;16;18
"184";3;4;6;8;11;13;14;16;18
"185";3;4;6;8;11;13;14;16;18
"186";3;4;6;8;11;13;14;16;18
"187";3;4;6;8;11;12;12;12;12
"188";3;4;6;8;11;13;14;16;18
"189";3;4;6;8;11;13;14;16;18
"190";3;4;6;8;11;13;14;16;18
"191";3;4;6;8;11;13;14;16;18
"192";3;4;6;8;11;13;14;16;18
"193";3;4;6;8;11;13;14;16;18
"194";3;4;6;8;11;12;12;12;12
"195";3;4;6;8;11;13;14;16;18
"196";3;4;6;8;11;12;12;12;12
"197";3;4;6;8;11;13;14;16;18
"198";3;4;6;8;11;13;14;16;18
"199";3;4;6;8;11;13;14;16;18
"200";3;4;6;8;11;13;14;16;18
"201";3;4;6;8;11;13;14;16;18
"202";3;4;6;8;11;13;14;16;18
"203";3;4;6;8;11;13;15;15;15
"204";3;4;6;8;11;13;14;16;18
"205";3;4;6;8;11;13;14;16;18
"206";3;4;6;8;11;13;14;16;18
"207";3;4;6;8;11;13;14;16;18
"208";3;4;6;8;11;13;14;16;18
"209";3;4;6;8;11;13;14;16;18
"210";3;4;6;8;11;13;14;16;18
"211";3;4;6;8;11;12;12;12;12
"212";3;4;6;8;11;13;14;16;18
"213";3;4;6;8;11;13;14;16;18
"214";3;4;6;8;11;13;14;16;18
"215";3;4;6;8;11;13;14;16;18
"216";3;4;6;8;11;13;14;16;18
"217";3;4;7;7;7;7;7;7;7
"218";3;4;6;8;11;13;14;16;18
"219";3;4;6;8;11;13;14;16;18
"220";3;4;6;8;11;13;14;16;18
"221";3;4;6;8;11;13;14;16;18
"222";3;4;6;8;11;13;14;16;18
"223";3;4;6;8;11;13;14;16;18
"224";3;4;6;8;11;12;12;12;12
"225";3;4;6;8;11;13;14;16;18
"226";2;2;2;2;2;2;2;2;2
"227";3;4;6;8;11;13;14;16;18
"228";3;4;6;8;11;12;12;12;12
"229";3;4;6;8;11;13;14;16;18
"230";3;4;6;8;11;13;14;16;18
"231";3;4;6;8;11;13;14;16;18
"232";3;4;6;8;11;13;14;16;18
"233";3;4;6;8;11;13;14;16;18
"234";3;4;6;8;11;13;14;16;18
"235";3;4;6;8;11;13;14;16;18
"236";3;4;6;8;11;13;14;16;18
"237";3;4;6;8;11;13;14;16;18
"238";3;4;6;8;11;13;14;16;18
"239";3;4;6;8;11;13;14;16;18
"240";3;4;6;8;11;13;14;16;18
"241";3;4;6;8;11;13;14;16;18
"242";3;4;6;8;11;13;14;16;18
"243";3;4;6;8;11;13;14;16;18
"244";3;4;6;8;11;13;14;16;18
"245";3;4;6;8;11;13;14;16;18
"246";3;4;6;8;11;13;14;16;18
"247";3;4;6;8;11;13;14;16;18
"248";3;4;6;8;11;13;14;16;18
"249";0;0;0;0;0;0;0;0;0
"250";3;4;6;8;11;13;14;16;18
"251";3;4;6;8;11;13;15;15;15
"252";3;5;5;5;5;5;5;5;5
"253";3;4;6;8;11;12;12;12;12
"254";3;4;6;8;11;13;14;16;18
"255";3;4;6;8;11;13;14;16;18
"256";3;4;6;8;11;13;14;16;18
"257";3;4;6;8;11;13;14;16;18
"258";3;4;6;8;11;13;14;16;18
"259";3;4;6;8;11;13;14;16;18
"260";3;4;6;8;11;13;14;16;18
"261";3;4;6;8;11;13;14;16;18
"262";3;4;6;8;11;13;14;16;18
"263";3;4;6;8;11;13;14;16;18
"264";3;4;7;7;7;7;7;7;7
"265";3;4;6;8;11;13;14;16;18
"266";3;4;6;8;11;12;12;12;12
"267";3;4;6;8;11;13;14;16;18
"268";3;4;6;8;11;13;14;16;18
"269";3;4;6;9;9;9;9;9;9
"270";3;4;6;8;11;13;14;16;18
"271";3;4;6;8;11;13;14;16;18
"272";3;4;6;8;11;13;14;16;18
"273";2;2;2;2;2;2;2;2;2
"274";3;4;6;8;11;13;14;16;18
"275";3;4;6;8;11;12;12;12;12
"276";3;4;6;8;11;13;14;16;18
"277";3;4;6;8;11;13;14;16;18
"278";3;4;6;8;11;13;14;16;18
"279";3;4;6;8;11;13;14;16;18
"280";3;4;6;8;11;13;14;16;18
"281";3;4;6;8;11;13;14;16;18
"282";3;4;6;8;11;13;14;16;18
"283";3;4;6;8;11;13;14;16;18
"284";3;4;6;8;11;12;12;12;12
"285";3;4;6;8;11;13;14;16;18
"286";3;4;6;8;11;13;14;16;18
"287";3;4;6;8;11;13;14;16;18
"288";3;4;6;8;11;13;14;16;18
"289";3;4;6;8;11;13;14;16;18
"290";3;4;6;8;11;13;14;16;18
"291";3;4;6;8;11;13;14;16;18
"292";3;4;6;8;11;13;14;16;18
"293";3;4;6;8;11;13;14;16;18
"294";3;4;6;8;11;13;14;16;18
"295";3;4;6;8;11;13;14;16;18
"296";3;4;6;8;11;12;12;12;12
"297";3;4;6;8;11;13;14;16;18
"298";3;4;6;8;11;13;14;16;18
"299";3;4;6;8;11;13;14;16;18
"300";3;4;6;8;11;13;14;16;18
"301";3;4;6;8;11;13;14;16;18
"302";3;4;6;8;11;13;14;16;18
"303";3;4;6;8;11;13;14;16;18
"304";3;4;6;8;11;13;14;16;18
"305";3;4;6;8;11;13;14;16;18
"306";3;4;6;8;11;13;14;16;18
"307";3;4;6;8;11;13;14;16;18
"308";3;4;6;8;11;13;14;16;18
"309";3;4;6;8;11;13;14;16;18
"310";3;4;6;8;11;13;14;16;18
"311";3;4;6;8;11;12;12;12;12
"312";3;4;6;8;11;13;14;16;18
"313";3;4;6;8;11;13;14;16;18
"314";3;4;6;8;11;13;14;16;18
"315";3;4;6;8;11;13;14;16;18
"316";3;4;6;8;11;13;14;16;18
"317";3;4;7;7;7;7;7;7;7
"318";3;4;6;8;11;13;14;16;18
"319";3;4;6;8;11;13;14;16;18
"320";3;4;6;8;11;13;14;16;18
"321";3;4;6;8;11;13;14;16;18
"322";3;4;6;8;11;13;14;16;18
"323";3;4;6;8;11;13;14;16;18
"324";3;4;6;8;11;13;14;16;18
"325";3;4;6;8;11;13;14;16;18
"326";3;4;6;8;11;12;12;12;12
"327";3;4;6;8;11;13;14;16;18
"328";3;4;6;8;11;13;14;16;18
"329";3;4;6;8;11;13;14;16;18
"330";3;4;6;8;11;13;14;16;18
"331";3;4;6;8;11;13;14;16;18
"332";3;4;6;8;11;13;14;16;18
"333";3;4;6;8;11;13;14;16;18
"334";3;4;6;8;11;13;14;16;18
"335";3;4;6;8;11;12;12;12;12
"336";3;4;6;8;11;13;14;16;18
"337";3;4;6;9;9;9;9;9;9
"338";3;4;6;8;11;13;14;16;18
"339";3;4;6;8;11;13;14;16;18
"340";3;4;6;8;11;13;14;16;18
"341";3;4;6;8;11;13;14;16;18
"342";3;4;6;8;11;13;14;16;18
"343";3;4;6;8;11;13;14;16;18
"344";3;4;6;8;11;13;14;16;18
"345";3;5;5;5;5;5;5;5;5
"346";3;4;6;8;11;13;14;16;18
"347";3;4;6;8;11;13;14;16;18
"348";3;4;6;8;11;13;14;16;18
"349";3;4;6;8;11;13;14;16;18
"350";3;4;6;8;11;13;14;16;18
"351";3;4;6;8;11;13;14;16;18
"352";3;4;6;8;11;13;14;16;18
"353";3;4;6;8;11;13;14;16;18
"354";3;4;6;8;11;13;14;16;18
"355";3;4;6;8;11;13;14;16;18
"356";3;4;6;8;11;13;14;16;18
"357";3;4;6;8;11;12;12;12;12
"358";3;4;6;8;11;13;14;16;18
"359";3;4;6;8;11;13;14;16;18
"360";3;4;6;8;11;13;14;16;18
"361";3;4;6;8;11;13;14;16;18
"362";3;4;6;8;11;13;14;16;18
"363";3;4;6;8;11;13;14;16;18
"364";3;4;6;8;11;13;14;16;18
"365";3;4;6;8;11;13;14;16;18
"366";3;4;6;8;11;13;14;16;18
"367";3;4;6;8;11;13;14;16;18
"368";3;4;6;8;11;13;14;16;18
"369";3;4;6;8;11;13;14;16;18
"370";3;4;6;8;11;13;14;16;18
"371";3;4;6;8;11;13;14;16;18
"372";3;4;6;8;11;13;14;16;18
"373";3;4;6;8;11;13;14;16;18
"374";3;4;6;8;11;13;14;16;18
"375";3;4;6;8;11;13;14;16;18
"376";3;4;6;8;11;13;14;16;18
"377";3;4;6;8;11;13;14;16;18
"378";3;4;6;8;11;13;14;16;18
"379";3;4;6;8;11;13;14;16;18
"380";3;4;6;8;11;12;12;12;12
"381";3;4;6;8;11;13;14;16;18
"382";3;4;6;8;11;13;14;16;18
"383";3;4;6;8;11;13;14;16;18
"384";3;4;6;8;11;13;14;16;18
"385";3;4;6;8;11;13;14;16;18
"386";3;4;6;8;11;13;14;16;18
"387";3;4;6;8;11;13;14;16;18
"388";3;4;6;8;11;13;14;16;18
"389";3;4;6;8;11;13;14;16;18
"390";3;4;6;8;11;13;14;16;18
"391";3;4;6;8;11;13;14;16;18
"392";3;4;6;8;11;13;14;16;18
"393";3;4;6;8;11;13;14;16;18
"394";3;4;6;8;11;13;14;16;18
"395";3;4;6;8;11;13;14;16;18
"396";3;4;6;8;11;13;14;16;18
"397";3;4;6;8;11;13;14;16;18
"398";3;4;6;8;11;13;14;16;18
"399";3;4;6;8;11;13;14;16;18
"400";3;4;6;8;11;13;14;16;18
"401";3;4;6;8;11;13;14;16;18
"402";3;4;6;8;11;13;14;16;18
"403";3;4;6;8;11;13;14;16;18
"404";3;4;6;8;11;12;12;12;12
"405";3;4;6;8;11;13;14;16;18
"406";3;4;6;8;11;13;14;16;18
"407";3;4;6;8;11;13;14;16;18
"408";3;4;6;8;10;10;10;10;10
"409";3;4;6;8;11;13;14;16;18
"410";3;4;6;8;11;13;14;16;18
"411";3;4;6;8;11;13;14;16;18
"412";3;4;6;8;11;13;14;16;18
"413";3;4;6;8;11;13;14;16;18
"414";3;4;6;8;11;13;14;16;18
"415";3;4;6;8;11;13;14;16;18
"416";3;4;6;8;11;13;14;16;18
"417";3;4;6;8;11;13;14;16;18
"418";3;4;6;8;11;13;14;16;18
"419";3;4;6;8;11;13;14;16;18
"420";3;4;6;8;11;13;14;16;18
"421";3;4;6;8;11;13;14;16;18
"422";3;4;6;8;11;13;14;16;18
"423";3;4;6;8;11;13;14;16;18
"424";3;4;6;8;11;13;14;16;18
"425";3;4;6;8;11;13;14;16;18
"426";3;4;6;8;11;13;14;16;18
"427";3;4;6;8;11;13;14;16;18
"428";3;5;5;5;5;5;5;5;5
"429";3;4;6;8;11;13;14;16;18
"430";3;4;6;8;11;13;14;16;18
"431";3;4;6;8;11;13;14;16;18
"432";3;4;6;8;11;13;14;16;18
"433";3;4;6;8;11;13;14;16;18
"434";3;4;6;8;11;13;14;16;18
"435";3;4;6;8;11;13;14;16;18
"436";3;4;6;8;11;13;14;16;18
"437";3;4;6;8;11;13;14;16;18
"438";2;2;2;2;2;2;2;2;2
"439";3;4;6;8;11;13;14;16;18
"440";3;4;6;8;11;13;14;16;18
"441";3;4;6;8;11;13;14;16;18
"442";3;4;6;8;11;13;14;16;18
"443";3;4;6;8;11;13;14;16;18
"444";3;4;6;8;11;13;14;16;18
"445";3;4;6;8;11;13;14;16;18
"446";3;4;6;8;11;13;14;16;18
"447";3;4;6;8;11;13;14;16;18
"448";3;4;6;8;11;13;14;16;18
"449";3;4;6;8;11;13;14;16;18
"450";3;4;6;8;11;13;14;16;18
"451";3;4;6;8;11;13;14;16;18
"452";3;4;6;8;11;13;14;16;18
"453";3;4;6;8;11;13;14;16;18
"454";3;4;6;8;11;12;12;12;12
"455";3;4;6;8;11;13;14;16;18
"456";3;4;6;8;11;13;14;16;18
"457";3;4;6;8;11;13;14;16;18
"458";3;4;6;8;11;13;14;16;18
"459";3;4;6;8;11;13;14;16;18
"460";3;4;6;8;11;13;14;16;18
"461";3;4;7;7;7;7;7;7;7
"462";3;4;6;8;11;13;14;16;18
"463";3;4;6;8;11;13;14;16;18
"464";3;4;6;8;11;13;14;16;18
"465";3;4;6;8;11;13;14;16;18
"466";3;4;6;8;11;13;14;16;18
"467";3;4;6;8;11;13;14;16;18
"468";3;4;6;8;11;13;14;16;19
"469";3;4;6;8;11;13;14;16;18
"470";3;4;6;8;11;13;14;16;18
"471";3;4;6;8;11;13;14;16;18
"472";3;4;6;8;11;12;12;12;12
"473";3;4;6;8;11;13;14;16;18
"474";3;4;6;8;11;13;14;16;18
"475";3;4;6;8;11;13;14;16;18
"476";3;4;6;8;11;13;14;16;18
"477";3;4;6;8;11;13;14;16;18
"478";3;4;6;8;11;13;14;16;18
"479";3;4;6;8;11;13;14;17;17
"480";3;4;6;8;11;13;14;16;18
"481";3;4;6;8;11;13;14;16;18
"482";3;4;6;8;11;13;14;16;18
"483";3;4;6;8;11;13;14;16;18
"484";3;4;6;8;11;13;14;16;18
"485";3;4;6;8;11;13;14;16;18
"486";3;4;6;8;11;13;14;16;18
"487";3;4;6;8;11;13;14;16;18
"488";3;4;6;8;11;13;14;16;18
"489";3;4;6;8;11;13;14;16;18
"490";2;2;2;2;2;2;2;2;2
"491";3;4;6;8;11;13;14;16;18
"492";3;4;6;8;11;13;14;16;18
"493";3;4;6;8;11;13;14;16;18
"494";3;4;6;8;11;13;14;16;18
"495";3;4;6;8;11;13;14;16;18
"496";3;4;6;8;11;13;14;16;18
"497";3;4;6;8;11;13;14;16;18
"498";3;4;6;8;11;13;14;16;18
"499";3;4;6;8;11;13;14;16;18
"500";3;4;6;8;11;12;12;12;12
"501";3;4;6;8;11;13;14;16;18
"502";3;4;6;8;11;13;14;16;18
"503";3;4;6;8;11;13;14;16;18
"504";3;4;6;8;11;13;14;16;18
"505";3;4;6;8;11;13;14;16;18
"506";3;4;6;8;11;13;14;16;18
"507";3;4;6;8;11;13;14;16;18
"508";3;4;6;8;11;13;14;16;18
"509";3;4;6;8;11;13;14;16;18
"510";3;4;6;8;11;13;14;16;18
"511";3;4;6;8;11;13;14;16;18
"512";3;4;6;8;11;13;14;16;18
"513";3;4;6;8;11;13;14;16;18
"514";3;4;6;8;11;13;14;16;18
"515";3;4;6;8;11;13;14;16;18
"516";3;4;6;8;11;13;14;16;18
"517";3;4;6;8;11;13;14;16;18
"518";3;4;6;8;11;13;14;16;18
"519";3;4;6;8;11;13;14;16;18
"520";3;4;6;8;11;13;14;16;18
"521";3;4;6;8;11;13;14;16;18
"522";3;4;6;8;11;13;14;16;18
"523";3;4;6;8;11;13;14;17;17
"524";3;4;6;8;11;13;14;16;18
"525";3;4;6;8;11;13;14;16;18
"526";3;4;6;8;11;13;14;16;18
"527";3;4;6;8;11;13;14;16;18
"528";3;4;6;8;11;13;14;16;18
"529";3;4;6;8;11;13;14;16;18
"530";3;4;6;8;11;13;14;16;18
"531";3;4;6;8;11;13;14;16;18
"532";3;4;6;8;11;13;14;16;18
"533";3;4;6;8;11;13;14;16;19
"534";3;4;6;8;11;13;14;16;18
"535";3;4;6;8;11;13;14;16;18
"536";3;4;6;8;11;13;14;16;18
"537";3;4;6;8;11;13;14;16;18
"538";3;4;6;8;11;12;12;12;12
"539";3;4;6;8;11;13;14;16;18
"540";3;4;6;8;11;13;14;16;18
"541";3;4;6;8;11;13;14;16;18
"542";3;4;6;8;11;13;14;16;18
"543";3;4;6;8;11;13;14;16;18
"544";3;4;6;8;11;13;14;16;18
"545";3;5;5;5;5;5;5;5;5
"546";3;4;6;8;11;13;14;16;18
"547";3;4;6;8;11;13;14;16;18
"548";3;4;6;8;11;13;14;16;19
"549";3;4;6;8;11;13;14;16;18
"550";3;4;6;8;11;13;14;16;18
"551";3;4;6;8;11;13;14;16;18
"552";3;4;6;8;11;13;14;16;18
"553";3;4;6;8;11;13;14;16;18
"554";3;4;6;8;11;13;14;16;18
"555";0;0;0;0;0;0;0;0;0
"556";3;4;6;8;11;13;14;16;18
"557";3;4;6;8;11;13;14;16;18
"558";3;4;6;8;11;13;14;16;18
"559";3;4;6;8;11;13;14;16;18
"560";3;4;6;8;11;13;14;16;18
"561";3;4;6;8;11;13;14;16;18
"562";3;4;6;8;11;13;14;16;18
"563";3;4;6;8;11;13;14;16;18
"564";3;4;6;8;11;13;14;16;18
"565";3;4;6;8;11;13;14;16;18
"566";3;4;6;8;11;13;14;16;18
"567";3;4;6;8;11;13;14;16;18
"568";3;4;6;8;11;13;14;16;18
"569";3;4;6;8;11;13;14;16;18
"570";3;4;6;8;11;13;14;16;18
"571";3;4;6;8;11;12;12;12;12
"572";3;4;6;8;11;13;14;16;18
"573";3;4;6;8;11;13;14;16;18
"574";3;4;6;8;11;13;14;16;18
"575";3;4;6;8;11;12;12;12;12
"576";3;4;6;8;11;13;14;16;18
"577";3;4;6;8;11;13;14;16;18
"578";3;4;6;8;11;12;12;12;12
"579";3;4;6;8;11;12;12;12;12
"580";3;4;6;8;11;13;14;16;18
"581";3;4;6;8;11;13;14;16;18
"582";3;4;6;8;11;13;14;16;18
"583";3;4;6;8;11;13;14;16;19
"584";3;4;6;8;11;13;14;16;18
"585";3;4;6;8;11;13;14;16;18
"586";3;4;6;8;11;13;14;16;18
"587";3;4;6;8;11;13;14;16;18
"588";3;4;6;8;11;13;14;16;18
"589";3;4;6;8;11;13;14;16;18
"590";3;4;6;8;11;13;14;16;18
"591";3;4;6;8;11;13;14;16;18
"592";3;4;6;8;11;13;14;16;18
"593";3;4;6;8;11;13;14;16;18
"594";3;4;6;8;11;13;14;16;18
"595";3;4;6;8;11;13;14;16;18
"596";3;4;6;8;11;13;14;16;18
"597";3;4;6;8;11;13;14;16;18
"598";3;4;6;8;11;13;14;16;18
"599";3;4;6;8;11;13;14;16;18
"600";3;4;6;8;11;13;14;16;18
"601";3;4;6;8;11;13;14;16;18
"602";3;5;5;5;5;5;5;5;5
"603";3;4;6;8;11;13;14;16;18
"604";3;4;6;8;11;13;14;16;18
"605";3;4;6;8;10;10;10;10;10
"606";3;4;6;8;11;13;14;16;18
"607";3;4;6;8;11;13;14;16;18
"608";3;4;6;8;11;13;14;16;18
"609";3;4;6;8;11;13;14;16;18
"610";3;4;6;8;11;13;14;16;18
"611";3;4;6;8;11;13;14;16;18
"612";3;4;6;8;11;13;14;16;18
"613";3;4;6;8;11;13;14;16;18
"614";3;4;6;8;11;13;14;16;18
"615";3;4;6;8;11;13;14;16;18
"616";3;4;6;8;11;13;14;16;18
"617";3;4;6;8;11;13;14;16;18
"618";3;4;6;8;11;13;14;16;18
"619";3;4;6;8;11;13;14;16;18
"620";3;4;6;8;11;13;14;16;18
"621";3;4;6;8;11;12;12;12;12
"622";3;4;6;8;11;13;14;16;18
"623";3;4;6;8;11;13;14;16;18
"624";3;4;6;8;11;13;14;16;18
"625";3;4;6;8;11;13;14;17;17
"626";3;4;6;8;11;13;14;16;18
"627";3;4;6;8;11;13;14;16;18
"628";3;4;6;8;11;13;14;16;18
"629";3;4;6;8;11;13;14;16;18
"630";3;4;6;8;11;13;14;16;18
"631";3;4;6;8;11;13;14;16;18
"632";3;4;6;8;11;13;14;16;18
"633";3;4;6;8;11;12;12;12;12
"634";3;4;6;8;11;13;14;16;18
"635";3;4;6;8;11;13;14;16;18
"636";3;4;6;8;11;13;14;16;18
"637";3;4;6;8;11;13;14;16;18
"638";3;4;6;8;11;13;14;16;18
"639";3;4;6;8;11;13;14;16;18
"640";3;4;6;8;11;13;14;16;18
"641";3;4;6;8;11;13;14;16;18
"642";3;4;6;8;11;13;14;16;18
"643";3;4;6;8;11;13;14;16;18
"644";3;4;6;8;11;13;14;16;18
"645";3;4;6;8;11;13;14;16;18
"646";3;4;6;8;11;13;14;16;18
"647";3;4;6;8;11;13;14;16;18
"648";3;4;6;8;11;13;14;16;18
"649";3;4;6;8;11;13;14;16;18
"650";3;4;6;8;11;13;14;16;18
"651";3;4;6;8;11;13;14;16;18
"652";3;4;6;8;11;13;14;16;18
"653";3;4;6;8;11;13;14;16;18
"654";3;4;6;8;11;13;14;16;18
"655";3;4;6;8;11;13;14;16;18
"656";3;4;6;8;11;13;14;16;18
"657";3;4;6;8;11;13;14;16;18
"658";3;4;6;8;11;13;14;16;18
"659";3;4;6;8;11;13;14;16;18
"660";3;4;6;8;11;13;14;16;18
"661";3;4;6;8;11;13;14;16;18
"662";3;4;6;8;11;13;14;16;18
"663";3;4;6;8;11;13;14;16;18
"664";3;4;6;8;11;13;14;16;18
"665";3;4;6;8;11;13;14;16;18
"666";3;4;6;8;11;13;14;16;18
"667";3;4;6;8;11;13;14;16;18
"668";3;4;6;8;11;13;14;16;18
"669";3;4;6;8;11;13;14;16;18
"670";3;4;6;8;11;13;14;16;18
"671";3;4;6;8;11;13;14;17;17
"672";3;4;6;8;11;13;14;16;18
"673";3;4;6;8;11;13;14;16;18
"674";3;4;6;8;11;13;14;16;18
"675";3;4;6;8;11;12;12;12;12
"676";3;4;6;8;11;13;14;16;18
"677";3;4;6;8;11;13;14;16;18
"678";3;4;6;8;11;13;14;16;18
"679";3;4;6;8;11;13;14;16;18
"680";3;4;6;8;11;13;14;16;18
"681";3;4;6;8;11;13;14;16;18
"682";3;4;6;8;11;12;12;12;12
"683";3;4;6;8;11;13;14;16;18
"684";3;4;6;8;11;13;14;16;18
"685";3;4;6;8;11;13;14;16;18
"686";3;4;6;8;11;13;14;16;18
"687";3;4;6;8;11;13;14;16;18
"688";3;4;6;8;11;13;14;16;18
"689";3;4;6;8;11;13;14;16;18
"690";3;4;6;8;11;13;14;16;18
"691";3;4;6;8;11;13;14;16;18
"692";3;4;6;8;11;13;14;16;18
"693";3;4;6;8;11;13;14;16;18
"694";3;4;6;8;11;13;14;16;18
"695";3;4;6;8;11;13;14;16;18
"696";3;4;6;8;11;13;14;16;18
"697";3;4;6;8;11;13;14;16;18
"698";3;4;6;8;11;13;14;16;18
"699";3;4;6;8;11;13;14;16;18
"700";3;4;6;8;11;13;14;16;18
"701";3;4;6;8;11;13;14;16;18
"702";3;4;6;8;11;13;14;16;18
"703";3;4;6;8;11;13;14;16;18
"704";3;4;6;8;11;13;14;16;18
"705";3;4;6;8;11;13;14;16;18
"706";3;4;6;8;11;13;14;16;18
"707";3;4;6;8;11;13;14;16;18
"708";3;4;6;8;11;13;14;16;18
"709";3;4;6;8;11;13;14;16;18
"710";3;4;6;8;11;12;12;12;12
"711";3;4;6;8;11;13;14;16;18
"712";3;4;6;8;11;13;14;16;18
"713";3;4;6;8;11;13;14;16;18
"714";3;4;6;8;11;13;14;16;18
"715";3;4;6;8;11;13;14;17;17
"716";3;4;6;8;11;13;14;16;18
"717";3;4;6;8;11;13;14;16;18
"718";3;4;6;8;11;13;14;16;18
"719";3;4;6;9;9;9;9;9;9
"720";3;4;6;8;11;13;14;16;18
"721";3;4;6;8;11;13;14;16;18
"722";3;4;6;8;11;13;14;16;18
"723";3;4;6;8;11;13;14;16;18
"724";3;4;6;8;11;13;14;16;18
"725";3;4;6;8;11;13;14;16;18
"726";3;4;6;8;11;13;14;16;18
"727";3;4;6;8;11;13;14;16;18
"728";3;4;6;8;11;13;14;16;18
"729";3;4;6;8;11;13;14;16;18
"730";3;4;6;8;11;13;14;16;18
"731";3;4;6;8;11;13;14;16;18
"732";3;4;6;8;11;13;14;16;18
"733";3;4;6;8;11;13;14;16;18
"734";3;4;6;8;11;13;14;16;18
"735";3;4;6;8;11;13;14;16;18
"736";3;4;6;8;11;13;14;16;18
"737";3;4;6;8;11;13;14;16;18
"738";3;4;6;8;11;13;14;16;18
"739";3;4;6;8;11;12;12;12;12
"740";3;4;6;8;11;13;14;16;18
"741";3;4;6;8;11;13;14;16;18
"742";3;4;6;8;11;13;14;16;18
"743";3;4;6;8;11;13;14;16;18
"744";3;4;6;8;11;13;14;16;18
"745";3;4;6;8;11;13;14;16;18
"746";3;4;6;8;11;13;14;16;18
"747";3;4;6;8;11;13;14;16;18
"748";3;4;6;8;11;13;14;16;18
"749";3;4;6;8;11;13;14;16;18
"750";3;4;6;8;11;13;14;16;18
"751";3;4;6;8;11;13;14;16;18
"752";3;4;6;8;11;13;14;16;18
"753";3;4;6;8;11;13;14;16;18
"754";3;4;6;8;11;13;14;16;18
"755";3;4;6;8;11;13;14;16;18
"756";3;4;6;8;11;13;14;16;18
"757";3;4;6;8;11;13;14;16;18
"758";3;4;6;8;11;13;14;16;18
"759";3;4;6;8;11;13;14;16;18
"760";3;4;6;8;11;13;14;16;18
"761";3;4;6;8;11;12;12;12;12
"762";3;4;6;8;11;13;14;16;18
"763";3;4;6;8;11;13;14;16;18
"764";2;2;2;2;2;2;2;2;2
"765";3;4;6;8;11;13;14;16;18
"766";3;4;6;8;11;13;14;16;18
"767";3;4;6;8;11;13;14;16;18
"768";3;4;6;8;11;13;14;17;17
"769";3;4;6;8;11;13;14;16;18
"770";3;4;6;8;11;13;14;16;18
"771";3;4;6;8;11;13;14;16;18
"772";3;4;6;8;11;13;14;16;18
"773";3;4;6;8;11;13;14;16;18
"774";3;4;6;8;11;13;14;16;18
"775";3;4;6;8;11;13;14;16;18
"776";3;4;6;8;11;13;14;16;18
"777";3;4;6;8;11;13;14;16;18
"778";3;4;6;8;11;13;14;16;18
"779";3;4;6;8;11;13;14;16;18
"780";3;4;6;8;11;13;14;16;18
"781";3;4;6;8;11;13;14;16;18
"782";3;4;6;8;11;13;14;16;18
"783";3;4;6;8;11;13;14;16;18
"784";3;4;6;8;11;13;14;16;18
"785";3;4;6;8;11;13;14;16;18
"786";3;4;6;8;11;13;14;16;18
"787";3;4;6;8;11;13;14;16;18
"788";3;4;6;8;11;13;14;16;18
"789";3;4;6;8;11;13;14;16;18
"790";3;4;6;8;11;13;14;16;18
"791";0;0;0;0;0;0;0;0;0
"792";3;4;6;8;11;13;14;16;18
"793";3;4;6;8;11;13;14;16;18
"794";3;4;6;8;11;13;14;16;18
"795";3;4;6;8;11;13;14;16;18
"796";3;4;6;8;11;13;14;16;18
"797";3;4;6;8;11;13;14;16;18
"798";3;4;6;8;11;13;14;16;18
"799";3;4;6;8;11;13;14;16;18
"800";3;4;6;8;11;13;14;16;18
"801";3;4;6;8;11;13;14;16;18
"802";3;4;6;8;11;13;14;16;18
"803";3;4;6;8;11;13;14;16;18
"804";3;4;6;8;11;13;14;16;18
"805";3;4;6;8;11;13;14;16;18
"806";3;4;6;8;11;13;14;16;18
"807";3;4;6;8;11;13;14;16;18
"808";3;4;6;8;11;13;14;16;18
"809";3;4;6;8;11;13;14;16;18
"810";3;4;6;8;11;13;14;16;18
"811";3;4;6;8;11;13;14;16;18
"812";3;4;6;8;11;13;14;16;18
"813";3;4;6;8;11;13;14;16;18
"814";3;4;6;8;11;13;14;16;18
"815";3;5;5;5;5;5;5;5;5
"816";3;4;6;8;11;13;14;16;18
"817";3;4;6;8;11;13;14;16;18
"818";3;4;6;8;11;13;14;16;18
"819";3;4;6;8;11;13;14;16;18
"820";3;4;6;8;11;13;14;16;18
"821";3;4;6;8;11;13;14;16;18
"822";3;4;6;8;11;13;14;16;18
"823";3;4;6;8;11;13;14;16;18
"824";3;4;6;8;11;13;14;16;18
"825";3;4;6;8;11;13;14;16;18
"826";3;4;6;8;11;13;14;16;18
"827";3;4;6;8;11;13;14;16;18
"828";3;4;6;8;11;13;14;16;18
"829";3;4;6;8;11;13;14;16;18
"830";3;4;6;8;11;12;12;12;12
"831";3;4;6;8;11;13;14;16;18
"832";3;4;6;8;11;13;14;16;18
"833";3;4;6;8;11;13;14;16;18
"834";3;4;6;8;11;13;14;16;18
"835";3;4;6;8;11;13;14;16;18
"836";3;4;6;8;11;13;14;16;18
"837";3;4;6;8;11;13;14;16;18
"838";2;2;2;2;2;2;2;2;2
"839";3;4;6;8;11;13;14;16;18
"840";3;4;6;8;11;13;14;16;18
"841";3;4;6;8;11;13;14;16;18
"842";3;4;6;8;11;13;14;16;18
"843";3;4;6;8;11;13;14;16;18
"844";3;4;6;8;11;12;12;12;12
"845";3;4;6;8;11;13;14;16;18
"846";3;4;6;8;11;13;14;16;18
"847";3;4;6;8;11;13;14;16;18
"848";3;4;6;8;11;13;14;16;18
"849";3;4;6;8;11;13;14;16;18
"850";3;4;6;8;11;13;14;16;18
"851";3;4;6;8;11;13;14;16;18
"852";3;4;6;8;11;13;14;16;18
"853";3;4;6;8;11;13;14;16;18
"854";3;4;6;8;11;13;14;16;18
"855";3;4;6;8;11;12;12;12;12
"856";3;4;6;8;11;13;14;16;18
"857";3;4;6;8;11;13;14;16;18
"858";3;4;6;8;11;13;14;16;18
"859";3;4;6;8;11;13;14;16;18
"860";3;4;6;8;11;13;14;16;18
"861";3;4;7;7;7;7;7;7;7
"862";3;4;6;8;11;13;14;16;18
"863";3;4;6;8;11;13;14;16;18
"864";3;4;6;8;11;13;14;16;18
"865";3;4;6;8;11;13;14;16;18
"866";3;4;6;8;11;13;14;16;18
"867";3;4;6;8;11;13;14;16;18
"868";3;4;6;8;11;13;14;16;18
"869";3;4;6;8;11;13;14;16;18
"870";3;4;6;8;11;13;14;16;18
"871";3;4;6;8;11;13;14;16;18
"872";3;4;6;8;11;13;14;16;18
"873";3;4;6;8;11;13;14;16;18
"874";3;4;6;8;11;13;14;16;18
"875";3;4;6;8;11;13;14;16;19
"876";3;4;6;8;11;13;14;16;18
"877";3;4;6;8;11;13;14;16;18
"878";3;4;6;8;11;13;14;16;18
"879";3;4;6;8;11;13;14;16;18
"880";3;4;6;8;11;13;14;16;18
"881";3;4;6;8;11;12;12;12;12
"882";3;4;6;8;11;13;14;16;18
"883";3;4;6;8;11;13;14;16;18
"884";3;4;6;8;11;13;14;16;18
"885";3;4;6;8;11;12;12;12;12
"886";2;2;2;2;2;2;2;2;2
"887";3;4;6;8;11;13;14;16;18
"888";3;4;6;8;11;13;14;16;18
"889";3;4;6;8;11;13;14;16;18
"890";3;4;6;8;11;13;14;16;18
"891";3;4;6;8;11;12;12;12;12
"892";3;4;6;8;11;13;14;16;18
"893";3;4;6;8;11;13;14;16;18
"894";3;4;6;8;11;13;14;16;18
"895";3;4;6;8;11;13;14;16;18
"896";3;4;6;8;11;13;14;16;18
"897";3;4;6;8;11;13;14;16;18
"898";3;4;6;8;11;13;14;16;18
"899";3;4;6;8;11;13;14;16;18
"900";3;4;6;8;11;13;14;16;18
"901";3;4;6;8;11;13;14;16;18
"902";3;4;6;8;11;13;14;16;18
"903";3;4;6;8;11;13;14;16;18
"904";3;4;6;8;11;13;14;16;18
"905";3;4;6;8;11;13;14;16;18
"906";3;4;6;8;11;13;14;16;18
"907";3;4;6;8;11;13;14;16;18
"908";3;4;6;8;11;13;14;16;18
"909";3;4;6;8;11;13;14;16;18
"910";3;4;6;8;11;13;14;16;18
"911";3;4;6;8;11;13;14;16;18
"912";3;4;6;8;11;13;14;16;18
"913";3;4;6;8;11;13;14;16;18
"914";3;5;5;5;5;5;5;5;5
"915";3;4;6;8;11;13;14;16;18
"916";3;4;6;8;11;13;14;16;18
"917";3;4;6;8;11;13;14;16;18
"918";3;4;6;8;11;13;14;16;18
"919";3;4;6;8;11;13;14;16;18
"920";3;4;6;8;11;13;14;16;18
"921";3;4;6;8;11;13;14;16;18
"922";3;4;6;8;11;13;14;16;18
"923";3;4;6;8;11;13;14;16;18
"924";3;4;6;8;11;13;14;16;18
"925";3;4;6;8;11;13;14;16;18
"926";3;4;6;8;11;13;14;16;18
"927";3;4;6;8;11;13;14;16;18
"928";3;4;6;8;11;13;14;16;18
"929";3;4;6;8;11;13;14;16;18
"930";3;4;6;8;11;13;14;16;18
"931";3;4;6;8;11;13;14;16;19
"932";3;4;6;8;11;13;14;16;18
"933";3;4;6;8;11;13;14;16;18
"934";3;4;6;8;11;13;14;16;18
"935";3;4;6;8;11;13;14;16;18
"936";3;4;6;8;11;13;14;16;18
"937";3;4;6;8;11;13;14;16;18
"938";3;4;6;8;11;13;14;16;18
"939";3;4;6;8;11;13;14;16;18
"940";3;4;6;8;11;13;14;16;18
"941";3;4;6;8;11;13;14;16;18
"942";3;4;6;8;11;13;14;16;18
"943";3;4;6;8;11;13;14;16;18
"944";3;4;6;8;11;13;14;16;18
"945";3;4;6;8;11;13;14;16;18
"946";3;4;6;8;11;13;14;16;18
"947";3;4;6;8;11;13;14;16;18
"948";3;4;6;8;11;13;14;16;18
"949";3;4;6;8;11;13;14;16;18
"950";3;4;6;8;11;13;14;16;18
"951";3;4;6;8;11;13;14;16;18
"952";3;4;6;8;11;13;14;16;18
"953";3;4;6;8;11;13;14;16;18
"954";3;4;6;8;11;13;14;16;18
"955";3;4;6;8;11;13;14;17;17
"956";3;4;6;8;11;13;14;16;18
"957";3;4;6;8;11;13;14;16;18
"958";3;4;6;8;11;13;14;16;18
"959";3;4;6;8;11;13;14;16;18
"960";3;4;6;8;11;13;14;16;18
"961";3;5;5;5;5;5;5;5;5
"962";3;5;5;5;5;5;5;5;5
"963";3;4;6;8;11;13;14;16;18
"964";3;4;6;8;11;13;14;16;18
"965";3;4;6;8;11;13;14;16;18
"966";3;4;6;8;11;13;14;16;18
"967";3;4;6;8;11;13;14;16;18
"968";3;4;6;8;11;13;14;16;18
"969";3;4;6;8;11;13;14;16;18
"970";3;4;6;8;11;13;14;16;18
"971";3;4;6;8;11;13;14;16;18
"972";3;4;6;8;11;13;14;16;18
"973";3;4;6;8;11;13;14;16;18
"974";3;4;6;8;11;13;14;16;18
"975";3;4;6;8;11;13;14;16;18
"976";3;4;6;8;11;13;14;16;18
"977";3;4;6;8;11;13;14;16;18
"978";3;4;6;8;11;13;14;16;18
"979";3;4;6;8;11;13;14;16;18
"980";3;4;6;8;11;13;14;16;18
"981";3;4;6;8;11;13;14;16;18
"982";3;4;6;8;11;13;14;16;18
"983";3;4;6;8;11;13;14;16;18
"984";3;4;6;8;11;13;14;16;18
"985";3;4;6;8;11;12;12;12;12
"986";3;4;6;8;11;13;14;16;18
"987";3;4;6;8;11;13;14;16;18
"988";3;4;6;8;11;13;14;16;18
"989";3;4;6;8;11;13;14;16;18
"990";3;4;6;8;11;13;14;16;18
"991";3;4;6;8;11;13;14;16;18
"992";3;4;6;8;11;13;14;16;18
"993";3;4;6;8;11;13;14;16;18
"994";3;4;6;8;11;13;14;16;18
"995";3;4;6;8;11;13;14;16;18
"996";3;4;6;8;11;12;12;12;12
"997";3;4;6;8;11;13;14;16;18
"998";3;4;6;8;11;13;14;16;18
"999";3;4;6;8;11;12;12;12;12
"1000";3;4;6;8;11;13;14;16;18
"1001";3;4;6;8;11;13;14;16;18
"1002";3;4;6;8;11;13;14;16;18
"1003";3;4;6;8;11;13;14;16;18
"1004";3;4;6;8;11;13;14;16;18
"1005";3;4;6;8;11;13;14;16;18
"1006";3;4;6;8;11;13;14;16;18
"1007";3;4;6;8;11;13;14;16;18
"1008";3;4;6;8;11;13;14;16;18
"1009";3;4;6;8;11;13;14;16;18
"1010";3;4;6;8;11;13;14;16;18
"1011";3;4;6;8;11;13;14;16;18
"1012";3;4;6;8;11;12;12;12;12
"1013";3;4;6;8;11;13;14;16;18
"1014";3;4;6;8;11;13;14;16;18
"1015";3;4;6;8;11;13;14;16;19
"1016";3;4;6;8;11;13;14;16;18
"1017";3;4;6;8;11;13;14;16;18
"1018";3;4;6;8;11;13;14;16;18
"1019";3;4;6;8;11;13;14;16;18
"1020";3;4;6;8;11;13;14;16;18
"1021";3;4;6;8;11;13;14;16;18
"1022";3;4;6;8;11;13;14;16;18
"1023";3;4;6;8;11;13;14;16;18
"1024";3;4;6;8;11;13;14;16;18
"1025";3;4;6;8;11;13;14;16;18
"1026";3;4;6;8;11;13;14;16;18
"1027";3;4;6;8;11;13;14;16;18
"1028";3;4;6;8;11;13;14;16;18
"1029";3;4;6;8;11;13;14;16;18
"1030";3;4;6;8;11;13;14;16;18
"1031";3;4;6;8;11;13;14;16;18
"1032";3;4;6;8;11;13;14;16;18
"1033";3;4;6;8;11;13;14;16;18
"1034";3;4;6;8;11;13;14;16;18
"1035";3;4;6;8;11;13;14;16;18
"1036";3;4;6;8;11;13;14;16;18
"1037";3;4;6;8;11;13;14;16;18
"1038";3;4;6;8;11;13;14;16;18
"1039";3;4;6;8;11;13;14;16;18
"1040";3;4;6;8;11;13;14;16;18
"1041";3;4;6;8;11;13;14;16;18
"1042";3;4;6;8;11;13;14;16;18
"1043";3;4;6;8;11;13;14;16;18
"1044";3;4;6;8;11;12;12;12;12
"1045";3;4;6;8;11;13;14;16;18
"1046";3;4;6;8;11;13;14;16;18
"1047";3;4;6;8;11;13;14;16;18
"1048";3;4;6;8;11;13;14;16;18
"1049";3;4;6;8;11;13;14;16;19
"1050";3;4;6;8;11;13;14;16;18
"1051";3;4;6;8;11;13;14;16;18
"1052";3;4;6;8;11;13;14;16;18
"1053";3;4;6;8;11;13;14;16;18
"1054";3;4;6;8;11;13;14;16;18
"1055";3;4;6;8;11;13;14;16;18
"1056";3;4;6;8;11;13;14;16;18
"1057";3;4;6;8;11;13;14;16;18
"1058";3;4;6;8;11;13;14;16;18
"1059";3;4;6;8;11;13;14;16;18
"1060";3;4;6;8;11;13;14;16;18
"1061";3;4;6;8;11;13;14;16;19
"1062";3;4;6;8;11;13;14;16;18
"1063";3;4;6;8;11;13;14;16;18
"1064";3;4;6;8;11;13;14;16;18
"1065";3;5;5;5;5;5;5;5;5
"1066";3;4;6;8;11;13;14;16;18
"1067";3;4;6;8;11;13;14;16;18
"1068";3;4;6;8;11;13;14;16;18
"1069";3;4;6;8;11;13;14;16;18
"1070";3;4;6;8;11;13;14;16;18
"1071";3;4;6;8;11;13;14;16;18
"1072";3;4;6;8;11;13;14;16;18
"1073";3;4;6;8;11;13;14;16;18
"1074";2;2;2;2;2;2;2;2;2
"1075";3;4;6;8;11;13;14;16;18
"1076";3;4;6;8;11;13;14;16;18
"1077";3;4;6;8;11;13;14;16;18
"1078";2;2;2;2;2;2;2;2;2
"1079";3;4;6;8;11;13;14;16;18
"1080";3;4;6;8;11;13;14;16;18
"1081";3;4;6;8;11;13;14;16;18
"1082";3;4;6;8;11;13;14;16;18
"1083";3;4;6;8;11;13;14;16;18
"1084";3;4;6;8;11;13;14;16;18
"1085";3;4;6;8;11;12;12;12;12
"1086";3;4;6;8;11;13;14;16;18
"1087";3;4;6;8;11;13;14;16;18
"1088";0;0;0;0;0;0;0;0;0
"1089";3;4;6;8;11;13;14;16;18
"1090";3;4;6;8;11;13;14;16;18
"1091";3;4;6;8;11;13;14;16;18
"1092";3;4;6;8;11;13;14;16;18
"1093";3;4;6;8;11;13;14;16;18
"1094";3;4;6;8;11;13;14;16;18
"1095";3;4;6;8;11;13;14;16;18
"1096";3;4;6;8;11;13;14;16;18
"1097";3;4;6;8;11;13;14;16;18
"1098";3;4;6;8;11;13;14;16;18
"1099";3;4;6;8;11;13;14;16;18
"1100";3;4;6;8;11;13;14;16;18
"1101";3;4;6;8;11;13;14;16;18
"1102";3;4;6;8;11;13;14;16;18
"1103";3;4;6;8;11;13;14;16;18
"1104";3;4;6;8;11;13;14;16;18
"1105";3;4;6;8;11;13;14;16;18
"1106";3;4;6;8;11;13;14;16;18
"1107";3;4;6;8;11;12;12;12;12
"1108";3;4;6;8;11;13;14;16;19
"1109";3;4;6;8;11;13;14;16;18
"1110";3;4;6;8;11;13;14;16;18
"1111";3;4;6;8;11;13;14;16;18
"1112";3;4;6;8;11;13;14;16;18
"1113";3;4;6;8;11;12;12;12;12
"1114";3;4;6;8;11;13;14;16;18
"1115";3;4;6;8;11;13;14;16;18
"1116";3;4;6;8;11;13;14;16;18
"1117";3;4;6;8;11;13;14;16;18
"1118";3;4;6;8;11;13;14;16;18
"1119";3;4;6;8;11;13;14;16;18
"1120";3;4;6;8;11;12;12;12;12
"1121";3;4;6;8;11;13;14;16;18
"1122";3;4;6;8;11;13;14;16;18
"1123";3;4;6;8;11;13;14;16;18
"1124";3;4;6;8;11;13;14;16;18
"1125";3;4;6;8;11;13;14;16;18
"1126";3;4;6;8;11;13;14;16;18
"1127";3;4;6;8;11;13;14;16;18
"1128";3;4;6;8;11;13;14;16;18
"1129";3;4;6;8;11;13;14;16;18
"1130";3;4;6;8;11;13;14;16;18
"1131";3;4;6;8;11;13;14;16;18
"1132";3;4;6;8;11;13;14;16;18
"1133";3;4;6;8;11;13;14;16;18
"1134";3;4;6;8;11;13;14;16;18
"1135";3;4;6;8;11;13;14;16;18
"1136";3;4;6;8;11;13;14;16;18
"1137";3;4;6;8;11;13;14;16;18
"1138";3;4;6;8;11;13;14;16;18
"1139";3;4;6;8;11;13;14;16;18
"1140";3;4;6;8;11;13;14;16;18
"1141";3;4;6;8;11;13;14;16;18
"1142";3;4;6;8;11;13;14;16;18
"1143";3;4;6;8;11;13;14;16;18
"1144";3;4;6;8;11;13;14;16;18
"1145";3;4;6;8;11;13;14;16;18
"1146";3;4;6;8;11;13;14;16;18
"1147";3;4;6;8;11;13;14;16;18
"1148";3;4;6;8;11;13;14;16;18
"1149";3;4;6;8;11;13;14;16;18
"1150";3;4;6;8;11;13;14;16;18
"1151";3;4;6;8;11;13;14;16;18
"1152";3;4;6;8;11;13;14;16;18
"1153";3;4;6;8;11;13;14;16;18
"1154";3;4;6;8;11;13;14;16;18
"1155";3;4;6;8;11;13;14;16;18
"1156";3;4;6;8;11;13;14;16;18
"1157";3;4;6;8;11;13;14;16;18
"1158";3;4;6;8;11;13;14;16;18
"1159";3;4;6;8;11;13;14;16;18
"1160";3;5;5;5;5;5;5;5;5
"1161";3;4;6;8;11;13;14;16;18
"1162";3;4;6;8;11;13;14;16;18
"1163";3;4;6;8;11;12;12;12;12
"1164";3;4;6;8;11;13;14;16;18
"1165";3;4;6;8;11;13;14;16;18
"1166";3;4;6;8;11;13;14;16;18
"1167";3;4;6;8;11;13;14;16;18
"1168";3;4;6;8;11;13;14;16;18
"1169";3;4;6;8;11;13;14;16;18
"1170";3;4;6;8;11;13;14;16;18
"1171";3;4;6;8;11;12;12;12;12
"1172";3;4;6;8;11;13;14;16;18
"1173";3;4;6;8;11;13;14;16;18
"1174";3;4;6;8;11;13;14;16;18
"1175";3;4;6;8;11;12;12;12;12
"1176";3;4;6;8;11;13;14;16;18
"1177";3;4;6;8;11;13;14;16;18
"1178";3;4;6;8;11;13;14;16;18
"1179";3;4;6;8;11;13;14;16;18
"1180";3;4;6;8;11;13;14;16;18
"1181";3;4;6;8;11;13;14;16;18
"1182";3;4;6;8;11;13;14;16;18
"1183";3;4;6;8;11;13;14;16;18
"1184";3;4;6;8;11;13;14;16;18
"1185";3;4;6;8;11;13;14;16;18
"1186";3;4;6;8;11;13;14;16;18
"1187";3;4;6;8;11;13;14;16;18
"1188";3;4;6;8;11;13;14;16;18
"1189";3;4;6;8;11;13;14;16;18
"1190";3;4;6;8;11;13;14;16;18
"1191";3;4;6;8;11;13;14;16;18
"1192";3;4;6;8;11;13;14;16;18
"1193";3;4;6;8;11;13;14;16;18
"1194";3;4;6;8;11;13;14;16;18
"1195";3;4;6;8;11;13;14;16;18
"1196";3;4;6;8;11;13;14;16;18
"1197";3;4;6;8;11;13;14;16;18
"1198";3;4;6;8;11;13;14;16;18
"1199";3;4;6;8;11;13;14;16;18
"1200";3;4;6;8;11;13;14;16;18
"1201";3;4;6;8;11;13;14;16;18
"1202";3;4;6;8;11;13;14;16;18
"1203";3;4;6;8;11;13;14;16;18
"1204";3;4;6;8;11;13;14;16;18
"1205";3;4;6;8;11;13;14;16;18
"1206";3;4;6;8;11;13;14;16;18
"1207";3;4;6;8;11;13;14;16;18
"1208";3;4;6;8;11;13;14;16;18
"1209";3;4;6;8;11;13;14;16;18
"1210";3;4;6;8;11;13;14;16;18
"1211";3;4;6;8;11;13;14;16;18
"1212";3;4;6;8;11;13;14;16;18
"1213";3;4;6;8;11;13;14;16;18
"1214";3;4;6;8;11;13;14;16;18
"1215";3;4;6;8;11;13;14;16;18
"1216";3;4;6;8;11;13;14;16;18
"1217";3;4;6;8;11;13;14;16;18
"1218";3;4;6;8;11;13;14;16;18
"1219";3;4;6;8;11;13;14;16;18
"1220";3;4;6;8;11;13;14;16;18
"1221";3;4;6;8;11;13;14;16;18
"1222";3;4;6;8;11;13;14;16;18
"1223";3;4;6;8;11;13;14;16;18
"1224";3;4;6;8;11;13;14;16;18
"1225";3;4;6;8;11;13;14;16;18
"1226";3;4;6;8;11;13;14;16;18
"1227";3;4;6;8;11;13;14;16;18
"1228";3;4;6;8;11;13;14;16;18
"1229";3;4;6;8;11;13;14;16;18
"1230";3;4;6;8;11;13;14;16;18
"1231";3;4;6;8;11;13;14;16;18
"1232";3;4;6;8;11;13;14;16;18
"1233";3;4;6;8;11;13;14;16;18
"1234";3;4;6;8;11;13;14;16;18
"1235";3;4;6;8;11;13;14;16;18
"1236";3;4;6;8;11;13;14;16;18
"1237";3;4;6;8;11;13;14;16;18
"1238";3;4;6;8;11;13;14;16;18
"1239";3;4;6;8;11;13;14;16;18
"1240";3;4;6;8;11;13;14;16;18
"1241";3;4;6;8;11;13;14;16;18
"1242";3;4;6;8;11;13;14;16;18
"1243";3;4;6;8;11;13;14;16;18
"1244";3;4;6;8;11;13;14;16;18
"1245";3;4;6;8;11;13;14;16;18
"1246";3;4;6;8;11;13;14;16;18
"1247";3;4;6;8;11;13;14;16;18
"1248";3;4;6;8;11;13;14;16;18
"1249";3;4;6;8;11;13;14;16;18
"1250";3;4;6;8;11;13;14;16;18
"1251";3;4;6;8;11;13;14;16;18
"1252";3;4;6;8;11;13;14;16;18
"1253";3;4;6;8;11;13;14;16;18
"1254";3;4;6;8;11;13;14;16;18
"1255";3;4;6;8;11;13;14;16;18
"1256";3;4;6;8;11;13;14;16;18
"1257";3;4;6;8;11;13;14;16;18
"1258";3;4;6;8;11;13;14;16;18
"1259";3;4;6;8;11;13;14;16;18
"1260";3;4;6;8;11;13;14;16;18
"1261";3;4;6;8;11;12;12;12;12
"1262";3;4;6;8;11;13;14;16;18
"1263";3;4;6;8;11;13;14;16;18
"1264";3;4;6;8;11;13;14;16;18
"1265";3;4;6;8;11;13;14;16;18
"1266";3;4;6;8;11;13;14;16;18
"1267";3;4;6;8;11;13;14;16;18
"1268";3;4;6;8;11;13;14;16;18
"1269";3;4;6;8;11;13;14;16;18
"1270";3;4;6;8;11;13;14;16;18
"1271";3;4;6;8;11;13;14;16;19
"1272";3;4;6;8;11;12;12;12;12
"1273";3;4;6;8;11;13;14;16;18
"1274";3;4;6;8;11;13;14;16;18
"1275";3;4;6;8;11;13;14;16;18
"1276";3;4;6;8;11;13;14;16;18
"1277";3;4;6;8;11;13;14;16;18
"1278";3;4;6;8;11;13;14;16;18
"1279";3;4;6;8;11;13;14;16;18
"1280";3;4;6;8;11;13;14;16;18
"1281";3;4;6;8;11;13;14;16;18
"1282";3;4;6;8;11;13;14;16;18
"1283";3;4;6;8;11;13;14;16;18
"1284";3;4;6;8;11;13;14;16;18
"1285";3;4;6;8;11;13;14;16;18
"1286";3;4;6;8;11;13;14;16;18
"1287";3;4;6;8;11;13;14;16;18
"1288";3;4;6;8;11;13;14;16;18
"1289";3;4;6;8;11;13;14;16;18
"1290";3;4;6;8;11;13;14;16;18
"1291";3;4;6;8;11;13;14;16;18
"1292";3;4;6;8;11;13;14;16;18
"1293";3;4;6;8;11;13;14;16;18
"1294";3;4;6;8;11;13;14;16;18
"1295";3;4;6;8;11;13;14;16;18
"1296";3;4;6;8;11;13;14;16;18
"1297";3;4;6;8;11;13;14;16;18
"1298";3;4;6;8;11;13;14;16;19
"1299";3;4;6;8;11;13;14;16;18
"1300";3;4;6;8;11;13;14;16;18
"1301";3;4;6;8;11;13;14;16;18
"1302";3;4;6;8;11;13;14;16;18
"1303";3;4;6;8;11;13;14;16;18
"1304";3;4;6;8;11;13;14;16;18
"1305";3;4;6;8;11;13;14;16;18
"1306";3;4;6;8;11;13;14;16;18
"1307";3;4;6;8;11;13;14;16;18
"1308";3;4;6;8;11;13;14;16;18
"1309";3;4;6;8;11;13;14;16;18
"1310";3;5;5;5;5;5;5;5;5
"1311";3;4;6;8;11;13;14;16;18
"1312";3;4;6;8;11;13;14;16;18
"1313";3;4;6;8;11;13;14;16;18
"1314";3;4;6;8;11;13;14;16;18
"1315";3;4;6;8;11;13;14;16;18
"1316";3;4;6;8;11;13;14;16;18
"1317";3;5;5;5;5;5;5;5;5
"1318";3;4;6;8;11;13;14;16;18
"1319";3;4;6;8;11;13;14;16;18
"1320";3;4;6;8;11;13;14;16;18
"1321";3;4;6;8;11;13;14;16;18
"1322";3;4;6;8;11;13;14;16;18
"1323";3;4;6;8;11;13;14;16;18
"1324";3;4;6;8;11;13;14;16;18
"1325";3;4;6;8;11;13;14;16;18
"1326";3;4;6;8;11;13;14;16;18
"1327";3;4;6;8;11;13;14;16;18
"1328";3;4;6;8;11;13;14;16;18
"1329";3;4;6;8;11;13;14;16;18
"1330";3;4;6;8;11;13;14;16;18
"1331";3;4;6;8;11;13;14;16;18
"1332";3;4;6;8;11;13;14;16;18
"1333";3;4;6;8;11;13;14;16;18
"1334";3;4;6;8;11;13;14;16;18
"1335";3;4;6;8;11;13;14;16;18
"1336";3;4;6;8;11;13;14;16;18
"1337";3;4;6;8;11;13;14;16;18
"1338";3;4;6;8;11;13;14;16;18
"1339";3;4;6;8;11;13;14;16;18
"1340";3;4;6;8;11;13;14;16;18
"1341";3;4;6;8;11;13;14;16;18
"1342";3;4;6;8;11;13;14;16;18
"1343";3;4;6;8;11;13;14;16;18
"1344";3;4;6;8;11;13;14;16;18
"1345";3;4;6;8;11;13;14;16;18
"1346";3;4;6;8;11;13;14;16;18
"1347";3;4;6;8;11;13;14;16;18
"1348";3;4;6;8;11;13;14;16;18
"1349";3;4;6;8;11;13;14;16;18
"1350";3;4;6;8;11;13;14;16;18
"1351";3;4;6;8;11;13;14;16;18
"1352";3;4;6;8;11;13;14;16;18
"1353";3;4;6;8;11;13;14;16;18
"1354";3;4;6;8;11;13;14;16;18
"1355";3;4;6;8;11;13;14;16;18
"1356";3;4;6;8;11;13;14;16;18
"1357";3;4;6;8;11;13;14;16;18
"1358";3;4;6;8;11;13;14;16;19
"1359";3;4;6;8;11;13;14;16;18
"1360";3;4;6;8;11;13;14;16;18
"1361";3;4;6;8;11;13;14;16;18
"1362";3;4;6;8;11;13;14;16;18
"1363";3;4;6;8;11;13;14;16;18
"1364";3;4;6;8;11;13;14;16;18
"1365";3;4;6;8;11;13;14;16;18
"1366";3;4;6;8;11;13;14;16;18
"1367";3;4;6;8;11;13;14;16;18
"1368";3;4;6;8;11;13;14;16;18
"1369";3;5;5;5;5;5;5;5;5
"1370";3;4;6;8;11;13;14;16;18
"1371";3;4;6;8;11;13;14;16;18
"1372";3;4;6;8;11;13;14;16;18
"1373";3;4;6;8;11;13;14;16;18
"1374";3;4;6;8;11;13;14;16;18
"1375";3;4;6;8;11;13;14;16;18
"1376";0;0;0;0;0;0;0;0;0
"1377";3;4;6;8;11;13;14;16;18
"1378";3;4;6;8;11;13;14;16;18
"1379";3;4;6;8;11;13;14;16;18
"1380";3;4;6;8;11;13;14;16;18
"1381";3;4;6;8;11;13;14;16;18
"1382";3;4;6;8;11;13;14;16;18
"1383";3;4;6;8;11;13;14;16;18
"1384";3;4;6;8;11;13;14;16;18
"1385";3;4;6;8;11;13;14;16;18
"1386";3;4;6;8;11;13;14;16;18
"1387";3;4;6;8;11;13;14;16;18
"1388";3;4;6;8;11;13;14;16;18
"1389";3;4;6;8;11;13;14;16;18
"1390";3;4;6;8;11;13;14;16;18
"1391";3;4;6;8;11;13;14;16;18
"1392";3;4;6;8;11;13;14;16;18
"1393";3;4;6;8;11;13;14;17;17
"1394";3;4;6;8;11;13;14;16;18
"1395";3;4;6;8;11;13;14;16;18
"1396";3;4;6;8;11;13;14;16;18
"1397";3;4;6;8;11;13;14;16;18
"1398";3;4;6;8;11;13;14;16;18
"1399";3;4;6;8;11;13;14;16;18
"1400";3;4;6;8;11;13;14;16;18
"1401";3;4;6;8;11;13;14;16;18
"1402";3;4;6;8;11;13;14;16;18
"1403";3;4;6;8;11;13;14;16;18
"1404";3;4;6;8;11;13;14;16;18
"1405";3;4;6;8;11;13;14;16;18
"1406";3;4;6;9;9;9;9;9;9
"1407";3;4;6;8;11;13;14;16;18
"1408";3;4;6;8;11;13;14;16;18
"1409";3;4;6;8;11;13;14;16;18
"1410";3;4;6;8;11;13;14;16;19
"1411";3;4;6;8;11;13;14;16;18
"1412";3;4;6;8;11;13;14;16;18
"1413";3;4;6;8;11;13;14;16;18
"1414";3;4;6;8;11;13;14;16;18
"1415";3;4;6;8;11;13;14;16;18
"1416";3;4;6;8;11;13;14;16;18
"1417";3;4;6;8;11;13;14;16;18
"1418";3;4;6;8;11;13;14;16;18
"1419";3;4;6;8;11;13;14;16;18
"1420";3;4;6;8;11;13;14;16;18
"1421";3;4;6;8;11;13;14;16;18
"1422";3;4;6;8;11;13;14;16;18
"1423";3;4;6;8;11;13;14;16;18
"1424";3;4;6;8;11;13;14;16;18
"1425";3;4;6;8;11;13;14;16;18
"1426";3;4;6;8;11;13;14;16;18
"1427";3;4;6;8;11;13;14;16;18
"1428";3;4;6;8;11;13;14;16;18
"1429";3;4;6;8;11;13;14;16;18
"1430";3;4;6;8;11;13;14;16;18
"1431";3;4;6;8;11;13;14;16;18
"1432";3;4;6;8;11;13;14;16;18
"1433";3;4;6;8;11;13;14;16;18
"1434";3;4;6;8;11;13;14;16;18
"1435";3;4;6;8;11;13;14;16;18
"1436";3;4;6;8;11;13;14;16;18
"1437";3;4;6;8;11;13;14;16;18
"1438";3;4;6;8;11;13;14;16;18
"1439";3;4;6;8;11;13;14;16;18
"1440";3;4;6;8;11;13;14;16;18
"1441";3;4;6;8;11;13;14;16;18
"1442";3;4;6;8;11;13;14;16;18
"1443";3;4;6;8;11;13;14;16;18
"1444";3;4;6;8;11;13;14;16;18
"1445";3;4;6;8;11;13;14;16;18
"1446";3;4;6;8;11;13;14;16;18
"1447";3;4;6;8;11;13;14;16;18
"1448";3;4;6;8;11;13;14;16;18
"1449";3;4;6;8;11;13;14;16;18
"1450";3;4;6;8;11;13;14;16;18
"1451";3;4;6;8;11;13;14;16;18
"1452";3;4;6;8;11;13;14;16;18
"1453";3;4;7;7;7;7;7;7;7
"1454";3;4;6;8;11;13;14;16;18
"1455";3;4;6;8;11;13;14;16;18
"1456";3;4;6;8;11;13;14;16;18
"1457";3;4;6;8;11;13;14;16;18
"1458";3;4;6;8;11;13;14;16;18
"1459";3;4;6;8;11;13;14;16;18
"1460";3;4;6;8;11;13;14;16;18
"1461";3;4;6;8;11;13;14;16;18
"1462";3;4;6;8;11;13;14;16;18
"1463";3;4;6;8;11;13;14;16;18
"1464";3;4;6;8;11;13;14;16;18
"1465";3;4;6;8;11;13;14;16;18
"1466";3;4;6;8;11;13;14;16;18
"1467";3;4;6;8;11;13;14;16;18
"1468";3;4;6;8;11;13;14;16;18
"1469";3;4;6;8;11;13;14;16;18
"1470";3;4;6;8;11;13;14;16;18
"1471";3;4;6;8;11;12;12;12;12
"1472";3;4;6;8;11;13;14;16;18
"1473";3;4;6;8;11;13;14;16;18
"1474";3;4;6;8;11;13;14;16;18
"1475";3;4;6;8;11;13;14;16;18
"1476";3;4;6;8;11;12;12;12;12
"1477";3;4;6;8;11;13;14;16;18
"1478";3;4;6;8;11;13;14;16;18
"1479";3;4;6;8;11;13;14;16;18
"1480";3;4;6;8;11;13;14;16;18
"1481";3;4;6;8;10;10;10;10;10
"1482";3;4;6;8;11;13;14;16;18
"1483";3;4;6;8;11;13;14;16;18
"1484";3;4;6;8;11;13;14;16;18
"1485";3;4;6;8;11;13;14;16;18
"1486";3;4;6;8;11;13;14;16;18
"1487";3;4;6;8;11;13;14;16;19
"1488";3;4;6;8;11;13;14;16;18
"1489";3;4;6;8;11;13;14;16;18
"1490";3;4;6;8;11;13;14;16;18
"1491";3;4;6;8;11;13;14;16;18
"1492";3;4;6;8;11;13;14;16;18
"1493";3;4;6;8;11;13;14;16;18
"1494";3;4;6;8;11;13;14;16;18
"1495";3;4;6;8;11;13;14;16;18
"1496";3;4;6;8;11;13;14;16;18
"1497";3;4;6;8;11;13;14;16;18
"1498";3;4;6;8;11;13;14;16;18
"1499";3;4;6;8;11;12;12;12;12
"1500";3;4;6;8;11;13;14;16;18
"1501";3;4;6;8;11;13;14;16;18
"1502";3;4;6;8;11;13;14;16;18
"1503";3;4;6;8;11;13;14;16;18
"1504";3;4;6;8;11;13;14;16;18
"1505";3;4;6;8;11;13;14;16;18
"1506";3;4;6;8;11;13;14;16;18
"1507";3;4;6;8;11;13;14;16;18
"1508";3;4;6;8;11;13;14;16;18
"1509";3;4;6;8;11;13;14;16;18
"1510";3;4;6;8;11;13;14;16;18
"1511";3;4;6;8;11;13;14;16;18
"1512";3;4;6;8;11;13;14;16;18
"1513";3;4;6;8;11;13;14;16;18
"1514";3;4;6;8;11;13;14;16;18
"1515";3;4;6;8;11;13;14;16;18
"1516";3;4;6;8;11;13;14;16;18
"1517";3;4;6;8;11;13;14;16;18
"1518";3;4;6;8;11;12;12;12;12
"1519";3;4;6;8;11;13;14;16;18
"1520";3;4;6;8;11;13;14;16;18
"1521";3;4;6;8;11;13;14;16;18
"1522";3;4;6;8;11;13;14;16;18
"1523";3;4;6;8;11;13;14;16;18
"1524";3;4;6;8;11;13;14;16;18
"1525";3;4;6;8;11;13;14;16;18
"1526";3;4;6;8;11;13;14;16;18
"1527";3;4;6;8;11;13;14;16;18
"1528";3;4;6;8;11;13;14;16;18
"1529";3;4;6;8;11;13;14;16;18
"1530";3;4;6;8;11;12;12;12;12
"1531";3;4;6;8;11;13;14;16;18
"1532";3;4;6;8;11;13;14;16;18
"1533";3;4;6;8;11;13;14;16;18
"1534";3;4;6;8;11;13;14;16;18
"1535";3;4;6;8;11;13;14;16;18
"1536";3;4;6;8;11;13;14;16;18
"1537";3;4;6;8;11;13;14;16;18
"1538";3;4;6;8;11;13;14;16;18
"1539";0;0;0;0;0;0;0;0;0
"1540";3;4;6;8;11;13;14;16;18
"1541";3;4;6;8;11;13;14;16;18
"1542";3;4;6;8;11;13;14;16;18
"1543";3;4;6;8;11;13;14;16;18
"1544";3;4;6;8;11;13;14;16;18
"1545";3;4;6;8;11;13;14;16;18
"1546";3;4;6;8;11;13;14;16;18
"1547";3;4;6;8;11;13;14;16;18
"1548";3;4;6;8;11;13;14;16;18
"1549";3;4;6;8;11;12;12;12;12
"1550";3;4;6;8;11;13;14;16;18
"1551";3;4;6;8;11;13;14;16;18
"1552";3;4;6;8;11;13;14;16;18
"1553";3;4;6;8;11;13;14;16;18
"1554";3;4;6;8;11;12;12;12;12
"1555";3;4;6;8;11;13;14;16;18
"1556";3;4;6;8;11;13;14;16;18
"1557";3;4;6;8;11;13;14;16;18
"1558";3;4;6;8;11;13;14;16;18
"1559";3;4;6;8;11;13;14;16;18
"1560";3;4;6;8;11;13;14;16;18
"1561";3;4;6;8;11;13;14;16;18
"1562";3;4;6;8;11;13;14;16;18
"1563";3;4;6;8;11;13;14;16;18
"1564";3;4;6;8;11;13;14;16;18
"1565";3;4;6;8;11;13;14;16;18
"1566";3;4;6;8;11;13;14;16;18
"1567";3;4;6;8;11;13;14;16;18
"1568";3;4;6;8;11;13;14;16;18
"1569";3;4;6;8;11;13;14;16;18
"1570";3;4;6;8;11;13;14;16;18
"1571";3;4;6;8;11;13;14;16;18
"1572";3;4;6;8;11;13;14;16;18
"1573";3;4;6;8;11;13;14;16;18
"1574";3;4;6;8;11;13;14;16;18
"1575";3;4;6;8;11;13;14;16;18
"1576";3;4;6;8;11;13;14;16;18
"1577";3;4;6;8;10;10;10;10;10
"1578";3;4;6;8;11;13;14;16;18
"1579";3;4;6;8;11;13;14;16;18
"1580";3;4;6;8;11;13;14;16;18
"1581";3;4;6;8;11;13;14;16;18
"1582";3;4;6;8;11;13;14;16;18
"1583";3;4;6;8;11;13;14;16;18
"1584";3;4;6;8;11;13;14;16;18
"1585";3;4;6;8;11;13;14;16;18
"1586";3;4;6;8;11;12;12;12;12
"1587";3;4;6;8;11;13;14;16;18
"1588";3;4;6;8;11;13;14;16;18
"1589";3;4;6;8;11;13;14;16;18
"1590";3;4;6;8;11;13;14;16;18
"1591";3;4;6;8;11;13;14;16;18
"1592";3;4;6;8;11;13;14;16;18
"1593";3;4;6;8;11;13;14;16;18
"1594";3;4;6;8;11;13;14;16;18
"1595";3;4;6;8;11;13;14;16;18
"1596";3;4;6;8;11;13;14;16;18
"1597";3;4;6;8;11;13;14;16;18
"1598";3;4;6;8;11;13;14;16;18
"1599";3;4;6;8;11;13;14;16;18
"1600";3;4;6;8;11;13;14;16;18
"1601";3;4;6;8;11;13;14;16;18
"1602";3;4;6;8;11;13;14;16;18
"1603";3;4;6;8;11;13;14;16;18
"1604";3;4;6;8;11;13;14;16;18
"1605";3;4;6;8;11;13;14;16;18
"1606";3;4;6;8;11;13;14;16;18
"1607";3;4;6;8;11;13;14;16;18
"1608";3;4;6;8;11;13;14;16;18
"1609";3;4;6;8;11;13;14;16;18
"1610";3;4;6;8;11;13;14;16;18
"1611";3;4;6;8;11;13;14;16;18
"1612";3;4;6;8;11;13;14;16;18
"1613";3;4;6;8;11;13;14;16;18
"1614";3;4;6;8;11;13;14;16;18
"1615";3;4;6;8;11;13;14;16;18
"1616";3;4;6;8;11;13;14;16;18
"1617";3;4;6;8;11;13;14;16;18
"1618";3;4;6;8;11;13;14;16;18
"1619";3;4;6;8;11;13;14;16;18
"1620";3;4;6;8;11;13;14;16;18
"1621";0;0;0;0;0;0;0;0;0
"1622";3;4;6;8;11;13;14;16;18
"1623";3;4;6;8;11;13;14;16;18
"1624";3;4;6;8;11;13;14;16;18
"1625";3;4;6;8;11;13;14;16;18
"1626";3;4;6;8;11;13;14;16;18
"1627";3;4;6;8;11;13;14;16;18
"1628";3;4;6;8;11;13;14;16;18
"1629";3;4;6;8;11;13;14;16;18
"1630";3;4;6;8;11;12;12;12;12
"1631";3;4;6;8;11;13;14;16;18
"1632";3;4;6;8;11;13;14;16;18
"1633";3;5;5;5;5;5;5;5;5
"1634";3;4;6;8;11;13;14;16;18
"1635";3;4;6;8;11;13;14;16;18
"1636";3;4;6;8;11;13;14;16;18
"1637";3;4;6;8;11;13;14;16;18
"1638";3;4;6;8;11;13;14;16;18
"1639";3;4;6;8;11;13;14;16;18
"1640";3;4;6;8;11;13;14;16;18
"1641";3;4;6;8;11;13;14;16;18
"1642";3;4;6;8;11;13;14;16;18
"1643";3;4;6;8;11;13;14;16;18
"1644";3;4;6;8;11;13;14;16;18
"1645";3;4;6;8;11;12;12;12;12
"1646";3;4;6;8;11;13;14;16;18
"1647";3;4;6;8;11;13;14;16;18
"1648";3;4;6;8;11;13;14;16;18
"1649";3;4;6;8;11;13;14;16;18
"1650";3;4;6;8;11;13;14;16;18
"1651";3;4;6;8;11;12;12;12;12
"1652";3;4;6;8;11;13;14;16;18
"1653";3;4;6;8;11;13;14;16;18
"1654";3;4;6;8;11;13;14;16;18
"1655";3;4;6;8;11;13;14;16;18
"1656";3;4;6;8;11;13;14;16;18
"1657";3;4;6;8;11;13;14;16;18
"1658";3;4;6;8;11;13;14;16;18
"1659";3;4;6;8;11;13;14;16;18
"1660";3;4;6;8;11;13;14;16;18
"1661";3;4;6;8;11;13;14;16;18
"1662";3;4;6;8;11;13;14;16;18
"1663";3;4;6;8;11;13;14;16;18
"1664";3;4;6;8;11;13;14;16;18
"1665";3;4;6;8;11;13;14;16;18
"1666";3;5;5;5;5;5;5;5;5
"1667";3;4;6;8;11;13;14;16;18
"1668";3;4;6;8;11;13;14;16;18
"1669";3;4;6;8;11;13;14;16;18
"1670";3;4;6;8;11;13;14;16;18
"1671";3;4;6;8;11;13;14;16;18
"1672";3;4;6;8;11;13;14;16;18
"1673";3;4;6;8;11;13;14;16;18
"1674";3;4;6;8;11;12;12;12;12
"1675";3;4;6;8;11;13;14;16;18
"1676";3;4;6;8;11;13;14;16;18
"1677";3;4;6;8;11;13;14;16;18
"1678";3;4;6;8;11;13;14;16;18
"1679";3;4;6;8;11;13;14;16;18
"1680";3;4;6;8;11;13;14;16;18
"1681";3;4;6;8;11;13;14;16;18
"1682";3;4;6;8;11;13;14;16;18
"1683";3;4;6;8;11;13;14;16;18
"1684";3;4;6;8;11;13;14;16;18
"1685";3;4;6;8;11;12;12;12;12
"1686";3;4;6;8;11;13;14;16;18
"1687";3;4;6;8;11;13;14;16;18
"1688";3;4;6;8;11;13;14;16;18
"1689";3;4;6;8;11;13;14;16;18
"1690";3;4;6;8;11;13;14;16;18
"1691";3;4;6;8;11;13;14;16;18
"1692";3;4;6;8;11;13;14;16;18
"1693";3;4;6;8;11;13;14;16;18
"1694";3;4;6;8;11;13;14;16;18
"1695";3;4;6;8;11;13;14;16;18
"1696";3;4;6;8;11;13;14;16;18
"1697";3;4;6;8;11;13;14;16;18
"1698";3;4;6;8;11;13;14;16;18
"1699";3;4;6;8;11;13;14;16;18
"1700";3;4;6;8;11;13;14;16;18
"1701";3;4;6;8;11;13;14;16;18
"1702";3;4;6;8;11;13;14;16;18
"1703";3;4;6;8;11;13;14;16;18
"1704";3;4;6;8;11;13;14;16;18
"1705";3;4;6;8;11;13;14;16;18
"1706";2;2;2;2;2;2;2;2;2
"1707";3;4;6;8;11;13;14;16;18
"1708";3;4;6;8;11;13;14;16;18
"1709";3;4;6;8;11;13;14;16;18
"1710";3;4;6;8;11;13;14;16;18
"1711";3;4;6;8;11;13;14;16;18
"1712";3;4;6;8;11;13;14;16;18
"1713";3;4;6;8;11;13;14;16;18
"1714";3;4;6;8;11;13;14;16;18
"1715";3;4;6;8;11;13;14;16;18
"1716";3;4;6;8;11;13;14;16;18
"1717";3;4;6;8;11;13;14;16;18
"1718";3;4;6;8;11;13;14;16;18
"1719";3;4;6;8;11;13;14;16;18
"1720";3;4;6;8;11;13;14;16;18
"1721";3;4;6;8;11;13;14;16;18
"1722";3;4;6;8;11;13;14;16;18
"1723";3;4;6;8;11;13;14;16;18
"1724";3;4;6;8;11;13;14;16;18
"1725";3;4;6;8;11;13;14;16;18
"1726";3;4;6;8;11;13;14;16;18
"1727";3;4;6;8;11;13;14;16;18
"1728";3;4;6;8;11;13;14;16;18
"1729";3;4;6;8;11;13;14;16;18
"1730";3;4;6;8;11;13;14;16;18
"1731";3;4;6;8;11;13;14;16;18
"1732";3;4;6;8;11;13;14;16;18
"1733";3;4;6;8;11;13;14;16;18
"1734";3;4;6;8;11;13;14;16;18
"1735";3;4;6;8;11;13;14;16;18
"1736";3;4;6;8;11;13;14;16;18
"1737";3;4;6;8;11;13;14;16;18
"1738";3;4;6;8;11;13;14;16;18
"1739";3;4;6;8;11;13;14;16;18
"1740";3;4;6;8;11;13;14;16;18
"1741";3;4;6;8;11;13;14;16;18
"1742";3;4;6;8;11;13;14;16;18
"1743";3;4;6;8;11;13;14;16;18
"1744";3;4;6;8;11;13;14;16;18
"1745";3;4;6;8;11;13;14;16;18
"1746";3;4;6;8;11;13;14;16;18
"1747";3;4;6;8;11;13;14;16;18
"1748";3;4;6;8;11;13;14;16;19
"1749";3;4;6;8;11;13;14;16;18
"1750";3;4;6;8;11;13;14;16;18
"1751";3;4;6;8;11;13;14;16;18
"1752";3;4;6;8;11;13;14;16;18
"1753";3;4;6;8;11;13;14;16;18
"1754";3;4;6;8;11;13;14;16;18
"1755";3;4;6;8;11;13;14;16;18
"1756";3;4;6;8;11;13;14;16;18
"1757";3;4;6;8;11;13;14;16;18
"1758";3;4;6;8;11;13;14;16;18
"1759";3;4;6;8;11;13;14;16;18
"1760";3;4;6;8;11;13;14;16;18
"1761";3;4;6;8;11;13;14;16;18
"1762";3;4;6;8;11;13;14;16;18
"1763";3;4;6;8;11;13;14;16;18
"1764";3;4;6;8;11;13;14;16;18
"1765";3;4;6;8;11;13;14;16;18
"1766";3;4;6;8;11;13;14;16;18
"1767";3;4;6;8;11;13;14;16;18
"1768";3;4;6;8;11;13;14;16;18
"1769";3;4;6;8;11;13;14;16;18
"1770";3;4;6;8;11;13;14;16;18
"1771";3;4;6;8;11;13;14;16;18
"1772";3;4;6;8;11;13;14;16;18
"1773";3;4;6;8;11;13;14;16;18
"1774";3;4;6;8;11;13;14;16;18
"1775";3;4;6;8;11;12;12;12;12
"1776";3;4;6;8;11;13;14;16;18
"1777";3;4;6;8;11;13;14;16;18
"1778";3;4;6;8;11;13;14;16;19
"1779";3;4;6;8;11;13;14;16;19
"1780";3;4;6;8;11;13;14;16;18
"1781";3;4;6;8;11;12;12;12;12
"1782";3;4;6;8;11;13;14;16;18
"1783";3;4;6;8;11;13;14;16;18
"1784";3;4;6;8;11;13;14;16;18
"1785";3;4;6;8;11;13;14;16;18
"1786";3;4;6;8;11;13;14;16;18
"1787";3;4;6;8;11;12;12;12;12
"1788";3;4;6;8;11;13;14;16;18
"1789";3;4;6;8;11;13;14;16;18
"1790";3;4;6;8;11;13;14;16;18
"1791";3;4;6;8;11;13;14;16;18
"1792";3;4;6;8;11;13;14;16;18
"1793";3;4;6;8;11;13;14;16;18
"1794";3;4;6;8;11;13;14;16;18
"1795";3;4;6;8;11;13;14;16;18
"1796";3;4;6;8;11;13;14;16;18
"1797";3;4;6;8;11;13;14;16;18
"1798";3;4;6;8;11;13;14;16;18
"1799";3;4;6;8;11;13;14;16;18
"1800";3;4;6;8;11;13;14;16;18
"1801";3;4;6;8;11;13;14;16;18
"1802";3;4;6;8;11;13;14;16;18
"1803";3;4;6;8;11;13;14;16;18
"1804";3;4;6;8;11;13;14;16;18
"1805";3;4;6;8;11;13;14;16;18
"1806";3;4;6;8;11;13;14;16;18
"1807";3;4;6;8;11;12;12;12;12
"1808";3;4;6;8;11;13;14;16;18
"1809";3;4;6;8;11;13;14;16;18
"1810";3;4;6;8;11;13;14;16;18
"1811";3;4;6;8;11;13;14;16;18
"1812";3;4;6;8;11;13;14;16;18
"1813";3;4;6;8;11;13;14;16;18
"1814";3;4;6;8;11;13;14;16;18
"1815";3;4;6;8;11;13;14;16;18
"1816";3;4;6;8;11;13;14;16;18
"1817";3;4;6;8;11;13;14;16;18
"1818";3;4;6;8;11;13;14;16;18
"1819";3;4;6;8;11;13;14;16;18
"1820";3;4;6;8;11;13;14;16;18
"1821";3;4;6;8;11;13;14;16;18
"1822";3;4;6;8;11;13;14;16;18
"1823";3;4;6;8;11;13;14;16;18
"1824";3;4;6;8;11;13;14;16;18
"1825";3;4;6;8;11;13;14;16;18
"1826";3;4;6;8;11;13;14;16;18
"1827";3;4;6;8;11;13;14;16;18
"1828";3;4;6;8;11;13;14;16;18
"1829";3;4;6;8;11;13;14;16;18
"1830";3;4;6;8;11;13;14;16;18
"1831";3;4;6;8;11;13;14;16;18
"1832";3;4;6;8;11;13;14;16;18
"1833";3;4;6;8;11;13;14;16;18
"1834";3;4;6;8;11;13;14;16;18
"1835";3;4;6;8;11;13;14;16;18
"1836";3;4;6;8;11;13;14;16;18
"1837";3;4;6;8;11;13;14;16;18
"1838";3;4;6;8;11;13;14;16;18
"1839";3;4;6;8;11;13;14;16;18
"1840";3;4;6;8;11;13;14;16;18
"1841";3;4;6;8;11;13;14;16;18
"1842";3;4;6;8;11;13;14;16;18
"1843";3;4;6;8;11;13;14;16;18
"1844";3;4;6;8;11;13;14;16;18
"1845";3;4;6;8;11;13;14;16;18
"1846";3;4;6;8;11;13;14;16;18
"1847";3;4;6;8;11;13;14;16;18
"1848";3;4;6;8;11;13;14;16;18
"1849";3;4;6;8;11;13;14;16;18
"1850";3;4;6;8;11;13;14;16;18
"1851";3;4;6;8;11;13;14;16;18
"1852";3;4;6;8;11;13;14;16;18
"1853";3;4;6;8;11;13;14;16;18
"1854";3;4;6;8;11;13;14;16;18
"1855";3;4;6;8;11;13;14;16;18
"1856";3;4;6;8;11;13;14;16;18
"1857";3;4;6;8;11;13;14;16;18
"1858";3;4;6;8;11;13;14;16;18
"1859";3;4;6;8;11;13;14;16;18
"1860";3;4;6;8;11;13;14;16;18
"1861";3;4;6;8;11;13;14;16;18
"1862";3;4;6;8;11;13;14;16;18
"1863";3;4;6;8;11;13;14;16;18
"1864";3;4;6;8;11;13;14;16;18
"1865";3;4;6;8;11;13;14;16;18
"1866";3;4;6;8;11;13;14;16;18
"1867";3;4;6;8;11;13;14;16;18
"1868";3;4;6;8;11;13;14;16;18
"1869";3;4;6;8;11;13;14;16;18
"1870";3;4;6;8;11;13;14;16;18
"1871";3;4;6;8;11;13;14;16;18
"1872";3;4;6;8;11;13;14;16;18
"1873";3;4;6;8;11;12;12;12;12
"1874";3;4;6;8;11;13;14;16;18
"1875";3;4;6;8;11;13;14;16;18
"1876";3;4;6;8;11;13;14;16;18
"1877";3;4;6;8;11;13;14;16;18
"1878";3;4;6;8;11;13;14;16;18
"1879";3;4;6;8;11;13;14;16;18
"1880";3;4;6;8;11;13;14;16;18
"1881";3;4;6;8;11;13;14;16;18
"1882";3;4;6;8;11;13;14;16;18
"1883";3;4;6;8;11;13;14;16;18
"1884";3;4;6;8;11;13;14;16;18
"1885";3;4;6;8;11;13;14;16;18
"1886";3;4;6;8;11;13;14;16;18
"1887";3;4;6;8;11;13;14;16;18
"1888";3;4;6;8;11;13;14;16;18
"1889";3;4;6;8;11;13;14;16;18
"1890";3;4;6;8;11;13;14;16;18
"1891";3;4;6;8;11;13;14;16;18
"1892";3;4;6;8;11;13;14;16;18
"1893";3;4;6;8;11;13;14;16;18
"1894";3;4;6;8;11;13;14;16;18
"1895";3;4;6;8;11;13;14;16;18
"1896";3;4;6;8;11;13;14;16;18
"1897";3;4;6;8;11;13;14;16;18
"1898";3;4;6;8;11;13;14;16;18
"1899";3;4;6;8;11;13;14;16;18
"1900";3;4;6;8;11;13;14;16;18
"1901";3;4;6;8;11;13;14;16;18
"1902";3;4;6;8;11;13;14;16;18
"1903";3;4;6;8;11;13;14;16;18
"1904";3;4;6;8;11;13;14;16;18
"1905";3;4;6;8;11;13;14;16;18
"1906";3;4;6;8;11;13;14;16;18
"1907";3;4;6;8;11;13;14;16;18
"1908";3;4;6;8;11;13;14;16;18
"1909";3;4;6;8;11;13;14;16;18
"1910";3;4;6;8;11;13;14;16;18
"1911";3;4;6;8;11;12;12;12;12
"1912";3;4;6;8;11;13;14;16;18
"1913";3;4;6;8;11;13;14;16;18
"1914";3;4;6;8;11;13;14;16;18
"1915";3;4;6;8;11;13;14;16;18
"1916";3;4;6;8;11;13;14;16;18
"1917";3;4;6;8;11;13;14;16;18
"1918";3;4;6;8;11;13;14;16;18
"1919";3;4;6;8;11;13;14;16;18
"1920";3;4;6;8;11;13;14;16;18
"1921";3;4;6;8;11;13;14;16;18
"1922";3;4;6;8;11;13;14;16;18
"1923";3;4;6;8;11;13;14;16;18
